id_no,state,id,year,enf_task_force_287g,enf_warrant_287g,enf_jail_287g,enf_secure_comms,enf_lim_coop_detainers,enf_everify,enf_limits_everify,enf_state_omnibus,pub_tanf_post5,pub_cashass_during5,pub_foodass_lprkids,pub_foodass_lpradults,pub_ssi_replacement,pub_medicaid_lprkids,pub_pubins_unauthkids,pub_pubins_lpradults,pub_pubins_unauthadult,pub_medicaid_lprpreg,pub_medicaid_unauthpreg,pub_medicaid_lpr_post5,int_instate_tuition,int_state_finaid,int_uni_ban,int_official_eng,int_drivers_license
1,Alabama,AL,2000,0,0,0,0,0,0,0,0,1,0,0,0,0,0,0,0,0,0,0,0,0,0,0,1,0
1,Alabama,AL,2001,0,0,0,0,0,0,0,0,1,0,0,0,0,0,0,0,0,0,0,0,0,0,0,1,0
1,Alabama,AL,2002,0,0,0,0,0,0,0,0,1,0,0,0,0,0,0,0,0,0,0,0,0,0,0,1,0
1,Alabama,AL,2003,1,0,0,0,0,0,0,0,1,0,1,0,0,0,0,0,0,0,0,0,0,0,0,1,0
1,Alabama,AL,2004,1,0,0,0,0,0,0,0,1,0,1,0,0,0,0,0,0,0,0,0,0,0,0,1,0
1,Alabama,AL,2005,1,0,0,0,0,0,0,0,1,0,1,0,0,0,0,0,0,0,0,0,0,0,0,1,0
1,Alabama,AL,2006,1,0,0,0,0,0,0,0,1,0,1,0,0,0,0,0,0,0,0,0,0,0,0,1,0
1,Alabama,AL,2007,1,0,0,0,0,0,0,0,1,0,1,0,0,0,0,0,0,0,0,0,0,0,0,1,0
1,Alabama,AL,2008,1,0,0,0,0,0,0,0,1,0,1,0,0,0,0,0,0,0,0,0,0,0,0,1,0
1,Alabama,AL,2009,1,0,0,0,0,0,0,0,1,0,1,0,0,0,0,0,0,0,0,0,0,0,0,1,0
1,Alabama,AL,2010,1,0,0,0,0,0,0,0,1,0,1,0,0,0,0,0,0,0,0,0,0,0,0,1,0
1,Alabama,AL,2011,1,0,0,1,0,1,0,1,1,0,1,0,0,0,0,0,0,0,0,0,0,0,1,1,0
1,Alabama,AL,2012,0,0,0,1,0,1,0,1,1,0,1,0,0,0,0,0,0,0,0,0,0,0,1,1,0
1,Alabama,AL,2013,0,0,0,1,0,1,0,1,1,0,1,0,0,0,0,0,0,0,0,0,0,0,1,1,0
1,Alabama,AL,2014,0,0,0,1,0,1,0,1,1,0,1,0,0,0,0,0,0,0,0,0,0,0,1,1,0
1,Alabama,AL,2015,0,0,0,0,0,1,0,1,1,0,1,0,0,0,0,0,0,0,0,0,0,0,1,1,0
1,Alabama,AL,2016,0,0,0,0,0,1,0,1,1,0,1,0,0,0,0,0,0,0,0,0,0,0,1,1,0
1,Alabama,AL,2017,0,0,0,1,0,1,0,0,1,0,1,0,0,0,0,0,0,0,0,0,0,0,1,1,0
1,Alabama,AL,2018,0,0,0,1,0,1,0,0,1,0,1,0,0,0,0,0,0,0,0,0,0,0,1,1,0
1,Alabama,AL,2019,0,0,0,1,0,1,0,0,1,0,1,0,0,0,0,0,0,0,0,0,0,0,1,1,0
2,Alaska,AK,2000,0,0,0,0,0,0,0,0,1,0,0,0,0,0,0,0,0,0,0,1,0,0,0,1,0
2,Alaska,AK,2001,0,0,0,0,0,0,0,0,1,0,0,0,0,0,0,0,0,0,0,1,0,0,0,1,0
2,Alaska,AK,2002,0,0,0,0,0,0,0,0,1,0,0,0,0,0,0,0,0,0,0,1,0,0,0,1,0
2,Alaska,AK,2003,0,0,0,0,0,0,0,0,1,0,1,0,0,0,0,0,0,0,0,1,0,0,0,1,0
2,Alaska,AK,2004,0,0,0,0,0,0,0,0,1,0,1,0,0,0,0,0,0,0,0,1,0,0,0,1,0
2,Alaska,AK,2005,0,0,0,0,0,0,0,0,1,0,1,0,0,0,0,0,0,0,0,1,0,0,0,1,0
2,Alaska,AK,2006,0,0,0,0,0,0,0,0,1,0,1,0,0,0,0,0,0,0,0,1,0,0,0,1,0
2,Alaska,AK,2007,0,0,0,0,0,0,0,0,1,0,1,0,0,0,0,0,0,0,0,1,0,0,0,1,0
2,Alaska,AK,2008,0,0,0,0,0,0,0,0,1,0,1,0,0,0,0,0,0,0,0,1,0,0,0,1,0
2,Alaska,AK,2009,0,0,0,0,0,0,0,0,1,0,1,0,0,0,0,0,0,0,0,1,0,0,0,1,0
2,Alaska,AK,2010,0,0,0,0,0,0,0,0,1,0,1,0,0,0,0,0,0,0,0,1,0,0,0,1,0
2,Alaska,AK,2011,0,0,0,0,0,0,0,0,1,0,1,0,0,0,0,0,0,0,0,1,0,0,0,1,0
2,Alaska,AK,2012,0,0,0,1,0,0,0,0,1,0,1,0,0,0,0,0,0,0,0,1,0,0,0,1,0
2,Alaska,AK,2013,0,0,0,1,0,0,0,0,1,0,1,0,0,0,0,0,0,0,0,1,0,0,0,1,0
2,Alaska,AK,2014,0,0,0,1,0,0,0,0,1,0,1,0,0,0,0,0,0,0,0,1,0,0,0,1,0
2,Alaska,AK,2015,0,0,0,0,0,0,0,0,1,0,1,0,0,0,0,0,0,0,0,1,0,0,0,1,0
2,Alaska,AK,2016,0,0,0,0,0,0,0,0,1,0,1,0,0,0,0,0,0,0,0,1,0,0,0,1,0
2,Alaska,AK,2017,0,0,0,1,0,0,0,0,1,0,1,0,0,0,0,0,0,0,0,1,0,0,0,1,0
2,Alaska,AK,2018,0,0,0,1,0,0,0,0,1,0,1,0,0,0,0,0,0,0,0,1,0,0,0,1,0
2,Alaska,AK,2019,0,0,0,1,0,0,0,0,1,0,1,0,0,0,0,0,0,0,0,1,0,0,0,1,0
3,Arizona,AZ,2000,0,0,0,0,0,0,0,0,1,0,0,0,0,0,0,0,0,0,0,1,0,0,0,0,0
3,Arizona,AZ,2001,0,0,0,0,0,0,0,0,1,0,0,0,0,0,0,0,0,0,0,1,0,0,0,0,0
3,Arizona,AZ,2002,0,0,0,0,0,0,0,0,1,0,0,0,0,0,0,0,0,0,0,1,0,0,0,0,0
3,Arizona,AZ,2003,0,0,0,0,0,0,0,0,1,0,1,0,0,0,0,0,0,0,0,1,0,0,0,0,0
3,Arizona,AZ,2004,0,0,0,0,0,0,0,0,1,0,1,0,0,0,0,0,0,0,0,1,0,0,0,0,0
3,Arizona,AZ,2005,1,0,1,0,0,0,0,0,1,0,1,0,0,0,0,0,0,0,0,1,0,0,0,0,0
3,Arizona,AZ,2006,1,0,1,0,0,0,0,0,1,0,1,0,0,0,0,0,0,0,0,1,0,0,0,1,0
3,Arizona,AZ,2007,1,0,1,0,0,1,0,0,1,0,1,0,0,0,0,0,0,0,0,1,0,0,0,1,0
3,Arizona,AZ,2008,1,0,1,1,0,1,0,0,1,0,1,0,0,0,0,0,0,0,0,1,0,0,0,1,0
3,Arizona,AZ,2009,1,0,1,1,0,1,0,0,1,0,1,0,0,0,0,0,0,0,0,1,0,0,0,1,0
3,Arizona,AZ,2010,1,0,1,1,0,1,0,1,1,0,1,0,0,0,0,0,0,0,0,1,0,0,0,1,0
3,Arizona,AZ,2011,1,0,1,1,0,1,0,1,1,0,1,0,0,0,0,0,0,0,0,1,0,0,0,1,0
3,Arizona,AZ,2012,0,0,1,1,0,1,0,1,1,0,1,0,0,0,0,0,0,0,0,1,0,0,0,1,0
3,Arizona,AZ,2013,0,0,1,1,0,1,0,1,1,0,1,0,0,0,0,0,0,0,0,1,0,0,0,1,0
3,Arizona,AZ,2014,0,0,1,1,0,1,0,1,1,0,1,0,0,0,0,0,0,0,0,1,0,0,0,1,0
3,Arizona,AZ,2015,0,0,1,0,0,1,0,1,1,0,1,0,0,0,0,0,0,0,0,1,0,0,0,1,0
3,Arizona,AZ,2016,0,0,1,0,0,1,0,1,1,0,1,0,0,0,0,0,0,0,0,1,0,0,0,1,0
3,Arizona,AZ,2017,0,0,1,1,1,1,0,0,1,0,1,0,0,0,0,0,0,0,0,1,0,0,0,1,0
3,Arizona,AZ,2018,0,0,1,1,1,1,0,0,1,0,1,0,0,0,0,0,0,0,0,1,0,0,0,1,0
3,Arizona,AZ,2019,0,0,1,1,1,1,0,0,1,0,1,0,0,0,0,0,0,0,0,1,0,0,0,1,0
4,Arkansas,AR,2000,0,0,0,0,0,0,0,0,0,0,0,0,0,0,0,0,0,0,0,1,0,0,0,1,0
4,Arkansas,AR,2001,0,0,0,0,0,0,0,0,0,0,0,0,0,0,0,0,0,0,0,1,0,0,0,1,0
4,Arkansas,AR,2002,0,0,0,0,0,0,0,0,0,0,0,0,0,0,0,0,0,0,0,1,0,0,0,1,0
4,Arkansas,AR,2003,0,0,0,0,0,0,0,0,0,0,1,0,0,0,0,0,0,0,0,1,0,0,0,1,0
4,Arkansas,AR,2004,0,0,0,0,0,0,0,0,0,0,1,0,0,0,0,0,0,0,0,1,0,0,0,1,0
4,Arkansas,AR,2005,0,0,0,0,0,0,0,0,0,0,1,0,0,0,0,0,0,1,1,1,0,0,0,1,0
4,Arkansas,AR,2006,0,0,0,0,0,0,0,0,0,0,1,0,0,0,0,0,0,1,1,1,0,0,0,1,0
4,Arkansas,AR,2007,.5,0,.5,0,0,0,0,0,0,0,1,0,0,0,0,0,0,1,1,1,0,0,0,1,0
4,Arkansas,AR,2008,.5,0,.5,0,0,0,0,0,1,0,1,0,0,0,0,0,0,1,1,1,0,0,0,1,0
4,Arkansas,AR,2009,.5,0,.5,0,0,0,0,0,1,0,1,0,0,0,0,0,0,1,1,1,0,0,0,1,0
4,Arkansas,AR,2010,.5,0,.5,1,0,0,0,0,1,0,1,0,0,0,0,0,0,1,1,1,0,0,0,1,0
4,Arkansas,AR,2011,.5,0,.5,1,0,0,0,0,1,0,1,0,0,0,0,0,0,1,1,1,0,0,0,1,0
4,Arkansas,AR,2012,.5,0,.5,1,0,0,0,0,1,0,1,0,0,0,0,0,0,1,1,1,0,0,0,1,0
4,Arkansas,AR,2013,0,0,.5,1,0,0,0,0,1,0,1,0,0,0,0,0,0,1,1,1,0,0,0,1,0
4,Arkansas,AR,2014,0,0,.5,1,0,0,0,0,1,0,1,0,0,0,0,0,0,1,1,1,0,0,0,1,0
4,Arkansas,AR,2015,0,0,.5,0,0,0,0,0,1,0,1,0,0,0,0,0,0,1,1,1,0,0,0,1,0
4,Arkansas,AR,2016,0,0,.5,0,0,0,0,0,1,0,1,0,0,0,0,0,0,1,1,1,0,0,0,1,0
4,Arkansas,AR,2017,0,0,.5,1,0,0,0,0,1,0,1,0,0,0,0,0,0,1,1,1,0,0,0,1,0
4,Arkansas,AR,2018,0,0,.5,1,0,0,0,0,1,0,1,0,0,1,0,0,0,1,1,1,0,0,0,1,0
4,Arkansas,AR,2019,0,0,.5,1,0,0,0,0,1,0,1,0,0,1,0,0,0,1,1,1,0,0,0,1,0
5,California,CA,2000,0,0,0,0,0,0,0,0,1,1,1,1,1,1,0,1,0,1,1,1,0,0,0,1,0
5,California,CA,2001,0,0,0,0,0,0,0,0,1,1,1,1,1,1,0,1,0,1,1,1,1,0,0,1,0
5,California,CA,2002,0,0,0,0,0,0,0,0,1,1,1,1,1,1,0,1,0,1,1,1,1,0,0,1,0
5,California,CA,2003,0,0,0,0,0,0,0,0,1,1,1,1,1,1,0,1,0,1,1,1,1,0,0,1,0
5,California,CA,2004,0,0,0,0,0,0,0,0,1,1,1,1,1,1,0,1,0,1,1,1,1,0,0,1,0
5,California,CA,2005,0,0,.5,0,0,0,0,0,1,1,1,1,1,1,0,1,0,1,1,1,1,0,0,1,0
5,California,CA,2006,0,0,.5,0,0,0,0,0,1,1,1,1,1,1,0,1,0,1,1,1,1,0,0,1,0
5,California,CA,2007,0,0,.5,0,0,0,0,0,1,1,1,1,1,1,0,1,0,1,1,1,1,0,0,1,0
5,California,CA,2008,0,0,.5,0,0,0,0,0,1,1,1,1,1,1,0,1,0,1,1,1,1,0,0,1,0
5,California,CA,2009,0,0,.5,1,0,0,0,0,1,1,1,1,1,1,0,1,0,1,1,1,1,0,0,1,0
5,California,CA,2010,0,0,.5,1,0,0,0,0,1,1,1,1,1,1,0,1,0,1,1,1,1,0,0,1,0
5,California,CA,2011,0,0,.5,1,0,0,1,0,1,1,1,1,1,1,0,1,0,1,1,1,1,1,0,1,0
5,California,CA,2012,0,0,.5,1,0,0,1,0,1,1,1,1,1,1,0,1,0,1,1,1,1,1,0,1,0
5,California,CA,2013,0,0,.5,1,1,0,1,0,1,1,1,1,1,1,0,1,0,1,1,1,1,1,0,1,1
5,California,CA,2014,0,0,.5,1,1,0,1,0,1,1,1,1,1,1,0,1,0,1,1,1,1,1,0,1,1
5,California,CA,2015,0,0,.5,0,1,0,1,0,1,1,1,1,1,1,0,1,0,1,1,1,1,1,0,1,1
5,California,CA,2016,0,0,.5,0,1,0,1,0,1,1,1,1,1,1,1,1,0,1,1,1,1,1,0,1,1
5,California,CA,2017,0,0,.5,1,1,0,1,0,1,1,1,1,1,1,1,1,0,1,1,1,1,1,0,1,1
5,California,CA,2018,0,0,0,1,1,0,1,0,1,1,1,1,1,1,1,1,0,1,1,1,1,1,0,1,1
5,California,CA,2019,0,0,0,1,1,0,1,0,1,1,1,1,1,1,1,1,0,1,1,1,1,1,0,1,1
6,Colorado,CO,2000,0,0,0,0,0,0,0,0,1,0,0,0,0,0,0,0,0,1,0,1,0,0,0,1,0
6,Colorado,CO,2001,0,0,0,0,0,0,0,0,1,0,0,0,0,0,0,0,0,1,0,1,0,0,0,1,0
6,Colorado,CO,2002,0,0,0,0,0,0,0,0,1,0,0,0,0,0,0,0,0,1,0,1,0,0,0,1,0
6,Colorado,CO,2003,0,0,0,0,0,0,0,0,1,0,1,0,0,0,0,0,0,1,0,1,0,0,0,1,0
6,Colorado,CO,2004,0,0,0,0,0,0,0,0,1,0,1,0,0,0,0,0,0,1,0,1,0,0,0,1,0
6,Colorado,CO,2005,0,0,0,0,0,0,0,0,1,0,1,0,0,0,0,0,0,1,0,1,0,0,0,1,0
6,Colorado,CO,2006,0,0,0,0,0,.5,0,0,1,0,1,0,0,0,0,0,0,1,0,1,0,0,0,1,0
6,Colorado,CO,2007,1,0,0,0,0,.5,0,0,1,0,1,0,0,0,0,0,0,1,0,1,0,0,0,1,0
6,Colorado,CO,2008,1,0,0,0,0,.5,0,0,1,0,1,0,0,0,0,0,0,1,0,1,0,0,0,1,0
6,Colorado,CO,2009,1,0,0,0,0,.5,0,0,1,0,1,0,0,0,0,0,0,1,0,1,0,0,0,1,0
6,Colorado,CO,2010,1,0,0,0,0,.5,0,0,1,0,1,0,0,0,0,0,0,1,0,1,0,0,0,1,0
6,Colorado,CO,2011,1,0,0,1,0,.5,0,0,1,0,1,0,0,0,0,0,0,1,0,1,0,0,0,1,0
6,Colorado,CO,2012,1,0,0,1,0,.5,0,0,1,0,1,0,0,0,0,0,0,1,0,1,0,0,0,1,0
6,Colorado,CO,2013,0,0,0,1,0,.5,0,0,1,0,1,0,0,0,0,0,0,1,0,1,1,0,0,1,1
6,Colorado,CO,2014,0,0,0,1,1,.5,0,0,1,0,1,0,0,0,0,0,0,1,0,1,1,0,0,1,1
6,Colorado,CO,2015,0,0,0,0,1,.5,0,0,1,0,1,0,0,1,0,0,0,1,0,1,1,0,0,1,1
6,Colorado,CO,2016,0,0,0,0,1,.5,0,0,1,0,1,0,0,1,0,0,0,1,0,1,1,0,0,1,1
6,Colorado,CO,2017,0,0,0,1,.5,.5,0,0,1,0,1,0,0,1,0,0,0,1,0,1,1,0,0,1,1
6,Colorado,CO,2018,0,0,0,1,.5,.5,0,0,1,0,1,0,0,1,0,0,0,1,0,1,1,0,0,1,1
6,Colorado,CO,2019,0,0,0,1,1,.5,0,0,1,0,1,0,0,1,0,0,0,1,0,1,1,1,0,1,1
7,Connecticut,CT,2000,0,0,0,0,0,0,0,0,1,1,1,1,0,1,0,1,0,1,0,1,0,0,0,0,0
7,Connecticut,CT,2001,0,0,0,0,0,0,0,0,1,1,1,1,0,1,0,1,0,1,0,1,0,0,0,0,0
7,Connecticut,CT,2002,0,0,0,0,0,0,0,0,1,1,1,1,0,1,0,1,0,1,0,1,0,0,0,0,0
7,Connecticut,CT,2003,0,0,0,0,0,0,0,0,1,1,1,1,0,1,0,1,0,1,0,1,0,0,0,0,0
7,Connecticut,CT,2004,0,0,0,0,0,0,0,0,1,1,1,1,0,1,0,1,0,1,0,1,0,0,0,0,0
7,Connecticut,CT,2005,0,0,0,0,0,0,0,0,1,1,1,1,0,1,0,1,0,1,0,1,0,0,0,0,0
7,Connecticut,CT,2006,0,0,0,0,0,0,0,0,1,1,1,1,0,1,0,1,0,1,0,1,0,0,0,0,0
7,Connecticut,CT,2007,0,0,0,0,0,0,0,0,1,1,1,1,0,1,0,1,0,1,0,1,0,0,0,0,0
7,Connecticut,CT,2008,0,0,0,0,0,0,0,0,1,1,1,1,0,1,0,1,0,1,0,1,0,0,0,0,0
7,Connecticut,CT,2009,0,0,0,0,0,0,0,0,1,1,1,1,0,1,0,1,0,1,0,1,0,0,0,0,0
7,Connecticut,CT,2010,0,0,0,1,0,0,0,0,1,1,1,1,0,1,0,1,0,1,0,1,0,0,0,0,0
7,Connecticut,CT,2011,0,0,0,1,0,0,0,0,1,1,1,1,0,1,0,0,0,1,0,1,1,0,0,0,0
7,Connecticut,CT,2012,0,0,0,1,0,0,0,0,1,1,1,1,0,1,0,0,0,1,0,1,1,0,0,0,0
7,Connecticut,CT,2013,0,0,0,1,1,0,0,0,1,1,1,1,0,1,0,0,0,1,0,1,1,0,0,0,1
7,Connecticut,CT,2014,0,0,0,1,1,0,0,0,1,1,1,1,0,1,0,0,0,1,0,1,1,0,0,0,1
7,Connecticut,CT,2015,0,0,0,0,1,0,0,0,1,1,1,1,0,1,0,0,0,1,0,1,1,0,0,0,1
7,Connecticut,CT,2016,0,0,0,0,1,0,0,0,1,1,1,1,0,1,0,0,0,1,0,1,1,0,0,0,1
7,Connecticut,CT,2017,0,0,0,1,1,0,0,0,1,1,1,1,0,1,0,0,0,1,0,1,1,0,0,0,1
7,Connecticut,CT,2018,0,0,0,1,1,0,0,0,1,1,1,1,0,1,0,0,0,1,0,1,1,0,0,0,1
7,Connecticut,CT,2019,0,0,0,1,1,0,0,0,1,1,1,1,0,1,0,0,0,1,0,1,1,0,0,0,1
8,Delaware,DE,2000,0,0,0,0,0,0,0,0,1,0,0,0,0,1,0,1,0,1,0,1,0,0,0,0,0
8,Delaware,DE,2001,0,0,0,0,0,0,0,0,1,0,0,0,0,1,0,1,0,1,0,1,0,0,0,0,0
8,Delaware,DE,2002,0,0,0,0,0,0,0,0,1,0,0,0,0,1,0,1,0,1,0,1,0,0,0,0,0
8,Delaware,DE,2003,0,0,0,0,0,0,0,0,1,0,1,0,0,1,0,1,0,1,0,1,0,0,0,0,0
8,Delaware,DE,2004,0,0,0,0,0,0,0,0,1,0,1,0,0,1,0,1,0,1,0,1,0,0,0,0,0
8,Delaware,DE,2005,0,0,0,0,0,0,0,0,1,0,1,0,0,1,0,1,0,1,0,1,0,0,0,0,0
8,Delaware,DE,2006,0,0,0,0,0,0,0,0,1,0,1,0,0,1,0,1,0,1,0,1,0,0,0,0,0
8,Delaware,DE,2007,0,0,0,0,0,0,0,0,1,0,1,0,0,1,0,1,0,1,0,1,0,0,0,0,0
8,Delaware,DE,2008,0,0,0,0,0,0,0,0,1,0,1,0,0,1,0,1,0,1,0,1,0,0,0,0,0
8,Delaware,DE,2009,0,0,1,0,0,0,0,0,1,0,1,0,0,1,0,1,0,1,0,1,0,0,0,0,0
8,Delaware,DE,2010,0,0,1,1,0,0,0,0,1,0,1,0,0,1,0,1,0,1,0,1,0,0,0,0,0
8,Delaware,DE,2011,0,0,1,1,0,0,0,0,1,0,1,0,0,1,0,0,0,1,0,1,0,0,0,0,0
8,Delaware,DE,2012,0,0,0,1,0,0,0,0,1,0,1,0,0,1,0,0,0,1,0,1,0,0,0,0,0
8,Delaware,DE,2013,0,0,0,1,0,0,0,0,1,0,1,0,0,1,0,0,0,1,0,1,0,0,0,0,0
8,Delaware,DE,2014,0,0,0,1,0,0,0,0,1,0,1,0,0,1,0,0,0,1,0,1,0,0,0,0,0
8,Delaware,DE,2015,0,0,0,0,0,0,0,0,1,0,1,0,0,1,0,0,0,1,0,1,0,0,0,0,1
8,Delaware,DE,2016,0,0,0,0,0,0,0,0,1,0,1,0,0,1,0,0,0,1,0,1,0,0,0,0,1
8,Delaware,DE,2017,0,0,0,1,1,0,0,0,1,0,1,0,0,1,0,0,0,1,0,1,0,0,0,0,1
8,Delaware,DE,2018,0,0,0,1,1,0,0,0,1,0,1,0,0,1,0,0,0,1,0,1,0,0,0,0,1
8,Delaware,DE,2019,0,0,0,1,.5,0,0,0,1,0,1,0,0,1,0,0,0,1,0,1,0,0,0,0,1
9,District of Columbia,DC,2000,0,0,0,0,0,0,0,0,1,0,0,0,0,0,0,0,0,0,0,1,0,0,0,0,0
9,District of Columbia,DC,2001,0,0,0,0,0,0,0,0,1,0,0,0,0,1,1,1,1,1,1,1,0,0,0,0,0
9,District of Columbia,DC,2002,0,0,0,0,0,0,0,0,1,0,0,0,0,1,1,1,1,1,1,1,0,0,0,0,0
9,District of Columbia,DC,2003,0,0,0,0,0,0,0,0,1,0,1,0,0,1,1,1,1,1,1,1,0,0,0,0,0
9,District of Columbia,DC,2004,0,0,0,0,0,0,0,0,1,0,1,0,0,1,1,1,1,1,1,1,0,0,0,0,0
9,District of Columbia,DC,2005,0,0,0,0,0,0,0,0,1,0,1,0,0,1,1,1,1,1,1,1,0,0,0,0,0
9,District of Columbia,DC,2006,0,0,0,0,0,0,0,0,1,0,1,0,0,1,1,1,1,1,1,1,0,0,0,0,0
9,District of Columbia,DC,2007,0,0,0,0,0,0,0,0,1,0,1,0,0,1,1,1,1,1,1,1,0,0,0,0,0
9,District of Columbia,DC,2008,0,0,0,0,0,0,0,0,1,0,1,0,0,1,1,1,1,1,1,1,0,0,0,0,0
9,District of Columbia,DC,2009,0,0,0,0,0,0,0,0,1,0,1,0,0,1,1,1,1,1,1,1,0,0,0,0,0
9,District of Columbia,DC,2010,0,0,0,0,0,0,0,0,1,0,1,0,0,1,1,1,1,1,1,1,0,0,0,0,0
9,District of Columbia,DC,2011,0,0,0,0,0,0,0,0,1,0,1,0,0,1,1,1,1,1,1,1,0,0,0,0,0
9,District of Columbia,DC,2012,0,0,0,1,1,0,0,0,1,0,1,0,0,1,1,1,1,1,1,1,0,0,0,0,0
9,District of Columbia,DC,2013,0,0,0,1,1,0,0,0,1,0,1,0,0,1,1,1,1,1,1,1,0,0,0,0,1
9,District of Columbia,DC,2014,0,0,0,1,1,0,0,0,1,0,1,0,0,1,1,1,1,1,1,1,0,0,0,0,1
9,District of Columbia,DC,2015,0,0,0,0,1,0,0,0,1,0,1,0,0,1,1,1,1,1,1,1,0,0,0,0,1
9,District of Columbia,DC,2016,0,0,0,0,1,0,0,0,1,0,1,0,0,1,1,1,1,1,1,1,0,0,0,0,1
9,District of Columbia,DC,2017,0,0,0,1,1,0,0,0,1,0,1,0,0,1,1,1,1,1,1,1,1,1,0,0,1
9,District of Columbia,DC,2018,0,0,0,1,1,0,0,0,1,0,1,0,0,1,1,1,1,1,1,1,1,1,0,0,1
9,District of Columbia,DC,2019,0,0,0,1,1,0,0,0,1,0,1,0,0,1,1,1,1,1,1,1,1,1,0,0,1
10,Florida,FL,2000,0,0,0,0,0,0,0,0,1,0,0,0,0,0,0,0,0,0,0,1,0,0,0,1,0
10,Florida,FL,2001,0,0,0,0,0,0,0,0,1,0,0,0,0,0,0,0,0,0,0,1,0,0,0,1,0
10,Florida,FL,2002,1,0,0,0,0,0,0,0,1,0,0,0,0,0,0,0,0,0,0,1,0,0,0,1,0
10,Florida,FL,2003,1,0,0,0,0,0,0,0,1,0,1,0,0,0,0,0,0,0,0,1,0,0,0,1,0
10,Florida,FL,2004,1,0,0,0,0,0,0,0,1,0,1,0,0,0,0,0,0,0,0,1,0,0,0,1,0
10,Florida,FL,2005,1,0,0,0,0,0,0,0,1,0,1,0,0,0,0,0,0,0,0,1,0,0,0,1,0
10,Florida,FL,2006,1,0,0,0,0,0,0,0,1,0,1,0,0,0,0,0,0,0,0,1,0,0,0,1,0
10,Florida,FL,2007,1,0,0,0,0,0,0,0,1,0,1,0,0,0,0,0,0,0,0,1,0,0,0,1,0
10,Florida,FL,2008,1,0,0,0,0,0,0,0,1,0,1,0,0,0,0,0,0,0,0,1,0,0,0,1,0
10,Florida,FL,2009,1,0,0,1,0,0,0,0,1,0,1,0,0,0,0,0,0,0,0,1,0,0,0,1,0
10,Florida,FL,2010,1,0,0,1,0,0,0,0,1,0,1,0,0,0,0,0,0,0,0,1,0,0,0,1,0
10,Florida,FL,2011,1,0,0,1,0,.5,0,0,1,0,1,0,0,0,0,0,0,0,0,1,0,0,0,1,0
10,Florida,FL,2012,1,0,0,1,0,.5,0,0,1,0,1,0,0,0,0,0,0,0,0,1,0,0,0,1,0
10,Florida,FL,2013,0,0,0,1,.5,.5,0,0,1,0,1,0,0,0,0,0,0,0,0,1,0,0,0,1,0
10,Florida,FL,2014,0,0,0,1,1,.5,0,0,1,0,1,0,0,0,0,0,0,0,0,1,1,0,0,1,0
10,Florida,FL,2015,0,0,0,0,1,.5,0,0,1,0,1,0,0,0,0,0,0,0,0,1,1,0,0,1,0
10,Florida,FL,2016,0,0,0,0,1,.5,0,0,1,0,1,0,0,1,0,0,0,0,0,1,1,0,0,1,0
10,Florida,FL,2017,0,0,0,1,.5,.5,0,0,1,0,1,0,0,1,1,0,0,0,0,1,1,0,0,1,0
10,Florida,FL,2018,0,0,0,1,.5,.5,0,0,1,0,1,0,0,1,1,0,0,0,0,1,1,0,0,1,0
10,Florida,FL,2019,0,0,0,1,0,.5,0,0,1,0,1,0,0,1,1,0,0,0,0,1,1,0,0,1,0
11,Georgia,GA,2000,0,0,0,0,0,0,0,0,1,1,0,0,0,0,0,0,0,0,0,1,0,0,0,1,0
11,Georgia,GA,2001,0,0,0,0,0,0,0,0,1,1,0,0,0,0,0,0,0,0,0,1,0,0,0,1,0
11,Georgia,GA,2002,0,0,0,0,0,0,0,0,1,1,0,0,0,0,0,0,0,0,0,1,0,0,0,1,0
11,Georgia,GA,2003,0,0,0,0,0,0,0,0,1,1,1,0,0,0,0,0,0,0,0,1,0,0,0,1,0
11,Georgia,GA,2004,0,0,0,0,0,0,0,0,1,1,1,0,0,0,0,0,0,0,0,1,0,0,0,1,0
11,Georgia,GA,2005,0,0,0,0,0,0,0,0,1,1,1,0,0,0,0,0,0,0,0,1,0,0,0,1,0
11,Georgia,GA,2006,0,0,0,0,0,.5,0,0,1,1,1,0,0,0,0,0,0,0,0,1,0,0,0,1,0
11,Georgia,GA,2007,1,0,.5,0,0,.5,0,0,1,1,1,0,0,0,0,0,0,0,0,1,0,0,0,1,0
11,Georgia,GA,2008,1,0,.5,0,0,.5,0,0,1,1,1,0,0,0,0,0,0,0,0,1,0,0,0,1,0
11,Georgia,GA,2009,1,0,.5,1,0,.5,0,0,1,1,1,0,0,0,0,0,0,0,0,1,0,0,0,1,0
11,Georgia,GA,2010,1,0,.5,1,0,.5,0,0,1,1,1,0,0,0,0,0,0,0,0,1,0,0,1,1,0
11,Georgia,GA,2011,1,0,.5,1,0,1,0,1,1,1,1,0,0,0,0,0,0,0,0,1,0,0,1,1,0
11,Georgia,GA,2012,1,0,.5,1,0,1,0,1,1,1,1,0,0,0,0,0,0,0,0,1,0,0,1,1,0
11,Georgia,GA,2013,0,0,.5,1,0,1,0,1,1,1,1,0,0,0,0,0,0,0,0,1,0,0,1,1,0
11,Georgia,GA,2014,0,0,.5,1,.5,1,0,1,1,1,1,0,0,0,0,0,0,0,0,1,0,0,1,1,0
11,Georgia,GA,2015,0,0,.5,0,.5,1,0,1,1,1,1,0,0,0,0,0,0,0,0,1,0,0,1,1,0
11,Georgia,GA,2016,0,0,.5,0,.5,1,0,1,1,1,1,0,0,0,0,0,0,0,0,1,0,0,1,1,0
11,Georgia,GA,2017,0,0,.5,1,0,1,0,0,1,1,1,0,0,0,0,0,0,0,0,1,0,0,1,1,0
11,Georgia,GA,2018,0,0,1,1,.5,1,0,0,1,1,1,0,0,0,0,0,0,0,0,1,0,0,1,1,0
11,Georgia,GA,2019,0,0,1,1,.5,1,0,0,1,1,1,0,0,0,0,0,0,0,0,1,0,0,1,1,0
12,Hawaii,HI,2000,0,0,0,0,0,0,0,0,1,1,0,0,1,1,0,1,0,1,0,1,0,0,0,1,0
12,Hawaii,HI,2001,0,0,0,0,0,0,0,0,1,1,0,0,1,1,0,0,0,0,0,1,0,0,0,1,0
12,Hawaii,HI,2002,0,0,0,0,0,0,0,0,1,1,0,0,1,1,0,0,0,0,0,1,0,0,0,1,0
12,Hawaii,HI,2003,0,0,0,0,0,0,0,0,1,1,1,0,1,1,0,0,0,0,0,1,0,0,0,1,0
12,Hawaii,HI,2004,0,0,0,0,0,0,0,0,1,1,1,0,1,1,0,0,0,0,0,1,0,0,0,1,0
12,Hawaii,HI,2005,0,0,0,0,0,0,0,0,1,1,1,0,1,1,0,0,0,0,0,1,0,0,0,1,0
12,Hawaii,HI,2006,0,0,0,0,0,0,0,0,1,1,1,0,1,1,0,0,0,1,0,1,0,0,0,1,0
12,Hawaii,HI,2007,0,0,0,0,0,0,0,0,1,1,1,0,1,1,0,0,0,1,0,1,0,0,0,1,0
12,Hawaii,HI,2008,0,0,0,0,0,0,0,0,1,1,1,0,1,1,0,0,0,1,0,1,0,0,0,1,0
12,Hawaii,HI,2009,0,0,0,0,0,0,0,0,1,1,1,0,1,1,0,1,0,1,0,1,0,0,0,1,0
12,Hawaii,HI,2010,0,0,0,1,0,0,0,0,1,1,1,0,1,1,0,1,0,1,0,1,0,0,0,1,0
12,Hawaii,HI,2011,0,0,0,1,0,0,0,0,1,1,1,0,1,1,0,0,0,1,0,1,0,0,0,1,0
12,Hawaii,HI,2012,0,0,0,1,0,0,0,0,1,1,1,0,1,1,0,0,0,1,0,1,0,0,0,1,0
12,Hawaii,HI,2013,0,0,0,1,0,0,0,0,1,1,1,0,1,1,0,0,0,1,0,1,1,1,0,1,0
12,Hawaii,HI,2014,0,0,0,1,0,0,0,0,1,1,1,0,1,1,0,0,0,1,0,1,1,1,0,1,0
12,Hawaii,HI,2015,0,0,0,0,0,0,0,0,1,1,1,0,1,1,0,1,0,1,0,1,1,1,0,1,1
12,Hawaii,HI,2016,0,0,0,0,0,0,0,0,1,1,1,0,1,1,0,1,0,1,0,1,1,1,0,1,1
12,Hawaii,HI,2017,0,0,0,1,0,0,0,0,1,1,1,0,1,1,0,1,0,1,0,1,1,1,0,1,1
12,Hawaii,HI,2018,0,0,0,1,1,0,0,0,1,1,1,0,1,1,0,1,0,1,0,1,1,1,0,1,1
12,Hawaii,HI,2019,0,0,0,1,1,0,0,0,1,1,1,0,1,1,0,1,0,1,0,1,1,1,0,1,1
13,Idaho,ID,2000,0,0,0,0,0,0,0,0,0,0,0,0,0,0,0,0,0,0,0,0,0,0,0,0,0
13,Idaho,ID,2001,0,0,0,0,0,0,0,0,0,0,0,0,0,0,0,0,0,0,0,0,0,0,0,0,0
13,Idaho,ID,2002,0,0,0,0,0,0,0,0,0,0,0,0,0,0,0,0,0,0,0,0,0,0,0,0,0
13,Idaho,ID,2003,0,0,0,0,0,0,0,0,0,0,1,0,0,0,0,0,0,0,0,1,0,0,0,0,0
13,Idaho,ID,2004,0,0,0,0,0,0,0,0,0,0,1,0,0,0,0,0,0,0,0,1,0,0,0,0,0
13,Idaho,ID,2005,0,0,0,0,0,0,0,0,0,0,1,0,0,0,0,0,0,0,0,1,0,0,0,0,0
13,Idaho,ID,2006,0,0,0,0,0,0,0,0,0,0,1,0,0,0,0,0,0,0,0,1,0,0,0,0,0
13,Idaho,ID,2007,0,0,0,0,0,0,0,0,0,0,1,0,0,0,0,0,0,0,0,1,0,0,0,1,0
13,Idaho,ID,2008,0,0,0,0,0,0,0,0,0,0,1,0,0,0,0,0,0,0,0,1,0,0,0,1,0
13,Idaho,ID,2009,0,0,0,0,0,0,0,0,0,0,1,0,0,0,0,0,0,0,0,1,0,0,0,1,0
13,Idaho,ID,2010,0,0,0,1,0,0,0,0,1,0,1,0,0,0,0,0,0,0,0,1,0,0,0,1,0
13,Idaho,ID,2011,0,0,0,1,0,0,0,0,1,0,1,0,0,0,0,0,0,0,0,1,0,0,0,1,0
13,Idaho,ID,2012,0,0,0,1,0,0,0,0,1,0,1,0,0,0,0,0,0,0,0,1,0,0,0,1,0
13,Idaho,ID,2013,0,0,0,1,0,0,0,0,1,0,1,0,0,0,0,0,0,0,0,1,0,0,0,1,0
13,Idaho,ID,2014,0,0,0,1,0,0,0,0,1,0,1,0,0,0,0,0,0,0,0,1,0,0,0,1,0
13,Idaho,ID,2015,0,0,0,0,0,0,0,0,1,0,1,0,0,0,0,0,0,0,0,1,0,0,0,1,0
13,Idaho,ID,2016,0,0,0,0,0,0,0,0,1,0,1,0,0,0,0,0,0,0,0,1,0,0,0,1,0
13,Idaho,ID,2017,0,0,0,1,0,0,0,0,1,0,1,0,0,0,0,0,0,0,0,1,0,0,0,1,0
13,Idaho,ID,2018,0,0,0,1,0,0,0,0,1,0,1,0,0,0,0,0,0,0,0,1,0,0,0,1,0
13,Idaho,ID,2019,0,0,0,1,0,0,0,0,1,0,1,0,0,0,0,0,0,0,0,1,0,0,0,1,0
14,Illinois,IL,2000,0,0,0,0,0,0,0,0,1,0,0,0,0,1,0,0,0,1,1,1,0,0,0,1,0
14,Illinois,IL,2001,0,0,0,0,0,0,0,0,1,0,0,0,0,1,0,0,0,1,1,1,0,0,0,1,0
14,Illinois,IL,2002,0,0,0,0,0,0,0,0,1,0,0,0,0,1,0,0,0,1,1,1,0,0,0,1,0
14,Illinois,IL,2003,0,0,0,0,0,0,0,0,1,0,1,0,0,1,0,0,0,1,1,1,1,0,0,1,0
14,Illinois,IL,2004,0,0,0,0,0,0,0,0,1,0,1,0,0,1,0,0,0,1,1,1,1,0,0,1,0
14,Illinois,IL,2005,0,0,0,0,0,0,0,0,1,0,1,0,0,1,0,0,0,1,1,1,1,0,0,1,0
14,Illinois,IL,2006,0,0,0,0,0,0,0,0,1,0,1,0,0,1,1,0,0,1,1,1,1,0,0,1,0
14,Illinois,IL,2007,0,0,0,0,0,0,1,0,1,0,1,0,0,1,1,0,0,1,1,1,1,0,0,1,0
14,Illinois,IL,2008,0,0,0,0,0,0,1,0,1,0,1,0,0,1,1,0,0,1,1,1,1,0,0,1,0
14,Illinois,IL,2009,0,0,0,1,0,0,1,0,1,0,1,0,0,1,1,0,0,1,1,1,1,0,0,1,0
14,Illinois,IL,2010,0,0,0,1,0,0,1,0,1,0,1,0,0,1,1,0,0,1,1,1,1,0,0,1,0
14,Illinois,IL,2011,0,0,0,1,1,0,1,0,1,0,1,0,0,1,1,0,0,1,1,1,1,0,0,1,0
14,Illinois,IL,2012,0,0,0,1,1,0,1,0,1,0,1,0,0,1,1,0,0,1,1,1,1,0,0,1,0
14,Illinois,IL,2013,0,0,0,1,1,0,1,0,1,0,1,0,0,1,1,0,0,1,1,1,1,0,0,1,1
14,Illinois,IL,2014,0,0,0,1,1,0,1,0,1,0,1,0,0,1,1,0,0,1,1,1,1,0,0,1,1
14,Illinois,IL,2015,0,0,0,0,1,0,1,0,1,0,1,0,0,1,1,0,0,1,1,1,1,0,0,1,1
14,Illinois,IL,2016,0,0,0,0,1,0,1,0,1,0,1,0,0,1,1,0,0,1,1,1,1,0,0,1,1
14,Illinois,IL,2017,0,0,0,1,.5,0,1,0,1,0,1,1,1,1,1,0,0,1,1,1,1,0,0,1,1
14,Illinois,IL,2018,0,0,0,1,1,0,1,0,1,0,1,1,1,1,1,0,0,1,1,1,1,0,0,1,1
14,Illinois,IL,2019,0,0,0,1,1,0,1,0,1,0,1,1,1,1,1,0,0,1,1,1,1,1,0,1,1
15,Indiana,IN,2000,0,0,0,0,0,0,0,0,0,0,0,0,0,0,0,0,0,0,0,0,0,0,0,1,0
15,Indiana,IN,2001,0,0,0,0,0,0,0,0,0,0,0,0,0,0,0,0,0,0,0,0,0,0,0,1,0
15,Indiana,IN,2002,0,0,0,0,0,0,0,0,0,0,0,0,0,0,0,0,0,0,0,0,0,0,0,1,0
15,Indiana,IN,2003,0,0,0,0,0,0,0,0,0,0,1,0,0,0,0,0,0,0,0,1,0,0,0,1,0
15,Indiana,IN,2004,0,0,0,0,0,0,0,0,0,0,1,0,0,0,0,0,0,0,0,1,0,0,0,1,0
15,Indiana,IN,2005,0,0,0,0,0,0,0,0,0,0,1,0,0,0,0,0,0,0,0,1,0,0,0,1,0
15,Indiana,IN,2006,0,0,0,0,0,0,0,0,0,0,1,0,0,0,0,0,0,0,0,1,0,0,0,1,0
15,Indiana,IN,2007,0,0,0,0,0,0,0,0,0,0,1,0,0,0,0,0,0,0,0,1,0,0,0,1,0
15,Indiana,IN,2008,0,0,0,0,0,0,0,0,0,0,1,0,0,0,0,0,0,0,0,1,0,0,0,1,0
15,Indiana,IN,2009,0,0,0,0,0,0,0,0,0,0,1,0,0,0,0,0,0,0,0,1,0,0,0,1,0
15,Indiana,IN,2010,0,0,0,0,0,0,0,0,0,0,1,0,0,0,0,0,0,0,0,1,0,0,0,1,0
15,Indiana,IN,2011,0,0,0,1,0,.5,0,1,0,0,1,0,0,0,0,0,0,0,0,1,0,0,0,1,0
15,Indiana,IN,2012,0,0,0,1,0,.5,0,1,0,0,1,0,0,0,0,0,0,0,0,1,0,0,0,1,0
15,Indiana,IN,2013,0,0,0,1,0,.5,0,1,0,0,1,0,0,0,0,0,0,0,0,1,0,0,0,1,0
15,Indiana,IN,2014,0,0,0,1,0,.5,0,1,0,0,1,0,0,0,0,0,0,0,0,1,0,0,0,1,0
15,Indiana,IN,2015,0,0,0,0,0,.5,0,1,0,0,1,0,0,0,0,0,0,0,0,1,0,0,0,1,0
15,Indiana,IN,2016,0,0,0,0,0,.5,0,1,0,0,1,0,0,0,0,0,0,0,0,1,0,0,0,1,0
15,Indiana,IN,2017,0,0,0,1,0,.5,0,0,0,0,1,0,0,0,0,0,0,0,0,1,0,0,0,1,0
15,Indiana,IN,2018,0,0,0,1,.5,.5,0,0,0,0,1,0,0,0,0,0,0,0,0,1,0,0,0,1,0
15,Indiana,IN,2019,0,0,0,1,.5,.5,0,0,0,0,1,0,0,0,0,0,0,0,0,1,0,0,0,1,0
16,Iowa,IA,2000,0,0,0,0,0,0,0,0,1,0,0,0,0,0,0,0,0,0,0,1,0,0,0,0,0
16,Iowa,IA,2001,0,0,0,0,0,0,0,0,1,0,0,0,0,0,0,0,0,0,0,1,0,0,0,0,0
16,Iowa,IA,2002,0,0,0,0,0,0,0,0,1,0,0,0,0,0,0,0,0,0,0,1,0,0,0,1,0
16,Iowa,IA,2003,0,0,0,0,0,0,0,0,1,0,1,0,0,0,0,0,0,0,0,1,0,0,0,1,0
16,Iowa,IA,2004,0,0,0,0,0,0,0,0,1,0,1,0,0,0,0,0,0,0,0,1,0,0,0,1,0
16,Iowa,IA,2005,0,0,0,0,0,0,0,0,1,0,1,0,0,0,0,0,0,0,0,1,0,0,0,1,0
16,Iowa,IA,2006,0,0,0,0,0,0,0,0,1,0,1,0,0,0,0,0,0,0,0,1,0,0,0,1,0
16,Iowa,IA,2007,0,0,0,0,0,0,0,0,1,0,1,0,0,0,0,0,0,0,0,1,0,0,0,1,0
16,Iowa,IA,2008,0,0,0,0,0,0,0,0,1,0,1,0,0,0,0,0,0,0,0,1,0,0,0,1,0
16,Iowa,IA,2009,0,0,0,0,0,0,0,0,1,0,1,0,0,1,0,0,0,0,0,1,0,0,0,1,0
16,Iowa,IA,2010,0,0,0,1,0,0,0,0,1,0,1,0,0,1,0,0,0,0,0,1,0,0,0,1,0
16,Iowa,IA,2011,0,0,0,1,0,0,0,0,1,0,1,0,0,1,0,0,0,0,0,1,0,0,0,1,0
16,Iowa,IA,2012,0,0,0,1,0,0,0,0,1,0,1,0,0,1,0,0,0,0,0,1,0,0,0,1,0
16,Iowa,IA,2013,0,0,0,1,0,0,0,0,1,0,1,0,0,1,0,0,0,0,0,1,0,0,0,1,0
16,Iowa,IA,2014,0,0,0,1,.5,0,0,0,1,0,1,0,0,1,0,0,0,0,0,1,0,0,0,1,0
16,Iowa,IA,2015,0,0,0,0,.5,0,0,0,1,0,1,0,0,1,0,0,0,0,0,1,0,0,0,1,0
16,Iowa,IA,2016,0,0,0,0,.5,0,0,0,1,0,1,0,0,1,0,0,0,0,0,1,0,0,0,1,0
16,Iowa,IA,2017,0,0,0,1,0,0,0,0,1,0,1,0,0,1,0,0,0,0,0,1,0,0,0,1,0
16,Iowa,IA,2018,0,0,0,1,.5,0,0,0,1,0,1,0,0,1,0,0,0,0,0,1,0,0,0,1,0
16,Iowa,IA,2019,0,0,0,1,.5,0,0,0,1,0,1,0,0,1,0,0,0,0,0,1,0,0,0,1,0
17,Kansas,KS,2000,0,0,0,0,0,0,0,0,1,0,0,0,0,0,0,0,0,0,0,1,0,0,0,0,0
17,Kansas,KS,2001,0,0,0,0,0,0,0,0,1,0,0,0,0,0,0,0,0,0,0,1,0,0,0,0,0
17,Kansas,KS,2002,0,0,0,0,0,0,0,0,1,0,0,0,0,0,0,0,0,0,0,1,0,0,0,0,0
17,Kansas,KS,2003,0,0,0,0,0,0,0,0,1,0,1,0,0,0,0,0,0,0,0,1,0,0,0,0,0
17,Kansas,KS,2004,0,0,0,0,0,0,0,0,1,0,1,0,0,0,0,0,0,0,0,1,1,0,0,0,0
17,Kansas,KS,2005,0,0,0,0,0,0,0,0,1,0,1,0,0,0,0,0,0,0,0,1,1,0,0,0,0
17,Kansas,KS,2006,0,0,0,0,0,0,0,0,1,0,1,0,0,0,0,0,0,0,0,1,1,0,0,0,0
17,Kansas,KS,2007,0,0,0,0,0,0,0,0,1,0,1,0,0,0,0,0,0,0,0,1,1,0,0,1,0
17,Kansas,KS,2008,0,0,0,0,0,0,0,0,1,0,1,0,0,0,0,0,0,0,0,1,1,0,0,1,0
17,Kansas,KS,2009,0,0,0,0,0,0,0,0,1,0,1,0,0,0,0,0,0,0,0,1,1,0,0,1,0
17,Kansas,KS,2010,0,0,0,1,0,0,0,0,1,0,1,0,0,0,0,0,0,0,0,1,1,0,0,1,0
17,Kansas,KS,2011,0,0,0,1,0,0,0,0,1,0,1,0,0,0,0,0,0,0,0,1,1,0,0,1,0
17,Kansas,KS,2012,0,0,0,1,0,0,0,0,1,0,1,0,0,0,0,0,0,0,0,1,1,0,0,1,0
17,Kansas,KS,2013,0,0,0,1,0,0,0,0,1,0,1,0,0,0,0,0,0,0,0,1,1,0,0,1,0
17,Kansas,KS,2014,0,0,0,1,.5,0,0,0,1,0,1,0,0,0,0,0,0,0,0,1,1,0,0,1,0
17,Kansas,KS,2015,0,0,0,0,.5,0,0,0,1,0,1,0,0,0,0,0,0,0,0,1,1,0,0,1,0
17,Kansas,KS,2016,0,0,0,0,.5,0,0,0,1,0,1,0,0,0,0,0,0,0,0,1,1,0,0,1,0
17,Kansas,KS,2017,0,0,0,1,0,0,0,0,1,0,1,0,0,0,0,0,0,0,0,1,1,0,0,1,0
17,Kansas,KS,2018,0,0,0,1,0,0,0,0,1,0,1,0,0,0,0,0,0,0,0,1,1,0,0,1,0
17,Kansas,KS,2019,0,0,0,1,0,0,0,0,1,0,1,0,0,0,0,0,0,0,0,1,1,0,0,1,0
18,Kentucky,KY,2000,0,0,0,0,0,0,0,0,1,0,0,0,0,0,0,0,0,0,0,1,0,0,0,1,0
18,Kentucky,KY,2001,0,0,0,0,0,0,0,0,1,0,0,0,0,0,0,0,0,0,0,1,0,0,0,1,0
18,Kentucky,KY,2002,0,0,0,0,0,0,0,0,1,0,0,0,0,0,0,0,0,0,0,1,0,0,0,1,0
18,Kentucky,KY,2003,0,0,0,0,0,0,0,0,1,0,1,0,0,0,0,0,0,0,0,1,1,0,0,1,0
18,Kentucky,KY,2004,0,0,0,0,0,0,0,0,1,0,1,0,0,0,0,0,0,0,0,1,1,0,0,1,0
18,Kentucky,KY,2005,0,0,0,0,0,0,0,0,1,0,1,0,0,0,0,0,0,0,0,1,1,0,0,1,0
18,Kentucky,KY,2006,0,0,0,0,0,0,0,0,1,0,1,0,0,0,0,0,0,0,0,1,1,0,0,1,0
18,Kentucky,KY,2007,0,0,0,0,0,0,0,0,1,0,1,0,0,0,0,0,0,0,0,1,1,0,0,1,0
18,Kentucky,KY,2008,0,0,0,0,0,0,0,0,1,0,1,0,0,0,0,0,0,0,0,1,1,0,0,1,0
18,Kentucky,KY,2009,0,0,0,0,0,0,0,0,1,0,1,0,0,0,0,0,0,0,0,1,1,0,0,1,0
18,Kentucky,KY,2010,0,0,0,1,0,0,0,0,1,0,1,0,0,0,0,0,0,0,0,1,1,0,0,1,0
18,Kentucky,KY,2011,0,0,0,1,0,0,0,0,1,0,1,0,0,0,0,0,0,0,0,1,1,0,0,1,0
18,Kentucky,KY,2012,0,0,0,1,0,0,0,0,1,0,1,0,0,0,0,0,0,0,0,1,1,0,0,1,0
18,Kentucky,KY,2013,0,0,0,1,0,0,0,0,1,0,1,0,0,1,0,0,0,0,0,1,1,0,0,1,0
18,Kentucky,KY,2014,0,0,0,1,0,0,0,0,1,0,1,0,0,1,0,0,0,0,0,1,1,0,0,1,0
18,Kentucky,KY,2015,0,0,0,0,0,0,0,0,1,0,1,0,0,1,0,0,0,0,0,1,1,0,0,1,0
18,Kentucky,KY,2016,0,0,0,0,0,0,0,0,1,0,1,0,0,1,0,0,0,0,0,1,1,0,0,1,0
18,Kentucky,KY,2017,0,0,0,1,.5,0,0,0,1,0,1,0,0,1,0,0,0,0,0,1,0,0,0,1,0
18,Kentucky,KY,2018,0,0,0,1,.5,0,0,0,1,0,1,0,0,1,0,0,0,0,0,1,0,0,0,1,0
18,Kentucky,KY,2019,0,0,0,1,.5,0,0,0,1,0,1,0,0,1,0,0,0,0,0,1,0,0,0,1,0
19,Louisiana,LA,2000,0,0,0,0,0,0,0,0,1,0,0,0,0,0,0,0,0,0,0,1,0,0,0,1,0
19,Louisiana,LA,2001,0,0,0,0,0,0,0,0,1,0,0,0,0,0,0,0,0,0,0,1,0,0,0,1,0
19,Louisiana,LA,2002,0,0,0,0,0,0,0,0,1,0,0,0,0,0,0,0,0,0,0,1,0,0,0,1,0
19,Louisiana,LA,2003,0,0,0,0,0,0,0,0,1,0,1,0,0,0,0,0,0,0,0,1,0,0,0,1,0
19,Louisiana,LA,2004,0,0,0,0,0,0,0,0,1,0,1,0,0,0,0,0,0,0,0,1,0,0,0,1,0
19,Louisiana,LA,2005,0,0,0,0,0,0,0,0,1,0,1,0,0,0,0,0,0,0,0,1,0,0,0,1,0
19,Louisiana,LA,2006,0,0,0,0,0,0,0,0,1,0,1,0,0,0,0,0,0,0,0,1,0,0,0,1,0
19,Louisiana,LA,2007,0,0,0,0,0,0,0,0,1,0,1,0,0,0,0,0,0,1,1,1,0,0,0,1,0
19,Louisiana,LA,2008,0,0,0,0,0,0,0,0,1,0,1,0,0,0,0,0,0,1,1,1,0,0,0,1,0
19,Louisiana,LA,2009,0,0,0,1,0,0,0,0,1,0,1,0,0,0,0,0,0,1,1,1,0,0,0,1,0
19,Louisiana,LA,2010,0,0,0,1,0,0,0,0,1,0,1,0,0,0,0,0,0,1,1,1,0,0,0,1,0
19,Louisiana,LA,2011,0,0,0,1,0,.5,0,0,1,0,1,0,0,0,0,0,0,1,1,1,0,0,0,1,0
19,Louisiana,LA,2012,0,0,0,1,0,.5,0,0,1,0,1,0,0,0,0,0,0,1,1,1,0,0,0,1,0
19,Louisiana,LA,2013,0,0,0,1,.5,.5,0,0,1,0,1,0,0,0,0,0,0,1,1,1,0,0,0,1,0
19,Louisiana,LA,2014,0,0,0,1,.5,.5,0,0,1,0,1,0,0,0,0,0,0,1,1,1,0,0,0,1,0
19,Louisiana,LA,2015,0,0,0,0,.5,.5,0,0,1,0,1,0,0,0,0,0,0,1,1,1,0,0,0,1,0
19,Louisiana,LA,2016,0,0,0,0,.5,.5,0,0,1,0,1,0,0,0,0,0,0,1,1,1,0,0,0,1,0
19,Louisiana,LA,2017,0,0,.5,1,.5,.5,0,0,1,0,1,0,0,0,0,0,0,1,1,1,0,0,0,1,0
19,Louisiana,LA,2018,0,0,.5,1,.5,.5,0,0,1,0,1,0,0,0,0,0,0,1,1,1,0,0,0,1,0
19,Louisiana,LA,2019,0,0,.5,1,.5,.5,0,0,1,0,1,0,0,1,0,0,0,1,1,1,0,0,0,1,0
20,Maine,ME,2000,0,0,0,0,0,0,0,0,1,1,1,1,1,1,0,1,0,1,0,1,0,0,0,0,0
20,Maine,ME,2001,0,0,0,0,0,0,0,0,1,1,1,1,1,1,0,1,0,1,0,1,0,0,0,0,0
20,Maine,ME,2002,0,0,0,0,0,0,0,0,1,1,1,1,1,1,0,1,0,1,0,1,0,0,0,0,0
20,Maine,ME,2003,0,0,0,0,0,0,0,0,1,1,1,1,1,1,0,1,0,1,0,1,0,0,0,0,0
20,Maine,ME,2004,0,0,0,0,0,0,0,0,1,1,1,1,1,1,0,1,0,1,0,1,0,0,0,0,0
20,Maine,ME,2005,0,0,0,0,0,0,0,0,1,1,1,1,1,1,0,1,0,1,0,1,0,0,0,0,0
20,Maine,ME,2006,0,0,0,0,0,0,0,0,1,1,1,1,1,1,0,1,0,1,0,1,0,0,0,0,0
20,Maine,ME,2007,0,0,0,0,0,0,0,0,1,1,1,1,1,1,0,1,0,1,0,1,0,0,0,0,0
20,Maine,ME,2008,0,0,0,0,0,0,0,0,1,1,1,1,1,1,0,1,0,1,0,1,0,0,0,0,0
20,Maine,ME,2009,0,0,0,0,0,0,0,0,1,1,1,1,1,1,0,1,0,1,0,1,0,0,0,0,0
20,Maine,ME,2010,0,0,0,0,0,0,0,0,1,1,1,1,1,1,0,1,0,1,0,1,0,0,0,0,0
20,Maine,ME,2011,0,0,0,0,0,0,0,0,1,1,1,1,1,1,0,0,0,1,0,1,0,0,0,0,0
20,Maine,ME,2012,0,0,0,1,0,0,0,0,1,0,1,1,1,1,0,0,0,1,0,1,0,0,0,0,0
20,Maine,ME,2013,0,0,0,1,0,0,0,0,1,0,1,1,1,1,0,0,0,1,0,1,0,0,0,0,0
20,Maine,ME,2014,0,0,0,1,0,0,0,0,1,0,1,1,1,1,0,0,0,1,0,1,0,0,0,0,0
20,Maine,ME,2015,0,0,0,0,0,0,0,0,1,0,1,1,1,1,0,0,0,1,0,1,0,0,0,0,0
20,Maine,ME,2016,0,0,0,0,0,0,0,0,1,0,1,1,1,1,0,0,0,1,0,1,0,0,0,0,0
20,Maine,ME,2017,0,0,0,1,.5,0,0,0,1,0,1,1,1,1,0,0,0,1,0,1,0,0,0,0,0
20,Maine,ME,2018,0,0,0,1,1,0,0,0,1,0,1,1,1,1,0,0,0,1,0,1,0,0,0,0,0
20,Maine,ME,2019,0,0,0,1,1,0,0,0,1,0,1,1,1,1,0,0,0,1,0,1,0,0,0,0,0
21,Maryland,MD,2000,0,0,0,0,0,0,0,0,1,1,1,0,0,1,0,0,0,1,0,1,0,0,0,0,0
21,Maryland,MD,2001,0,0,0,0,0,0,0,0,1,1,1,0,0,1,0,0,0,1,0,1,0,0,0,0,0
21,Maryland,MD,2002,0,0,0,0,0,0,0,0,1,1,1,0,0,1,0,0,0,1,0,1,0,0,0,0,0
21,Maryland,MD,2003,0,0,0,0,0,0,0,0,1,1,1,0,0,1,0,0,0,1,0,1,0,0,0,0,0
21,Maryland,MD,2004,0,0,0,0,0,0,0,0,1,1,1,0,0,1,0,0,0,1,0,1,0,0,0,0,0
21,Maryland,MD,2005,0,0,0,0,0,0,0,0,1,1,1,0,0,1,0,0,0,0,0,1,0,0,0,0,0
21,Maryland,MD,2006,0,0,0,0,0,0,0,0,1,1,1,0,0,1,0,0,0,0,0,1,0,0,0,0,0
21,Maryland,MD,2007,0,0,0,0,0,0,0,0,1,1,1,0,0,1,0,0,0,1,0,1,0,0,0,0,0
21,Maryland,MD,2008,0,0,0,0,0,0,0,0,1,1,1,0,0,1,0,0,0,1,0,1,0,0,0,0,0
21,Maryland,MD,2009,0,0,0,1,0,0,0,0,1,1,1,0,0,1,0,0,0,1,0,1,0,0,0,0,0
21,Maryland,MD,2010,0,0,0,1,0,0,0,0,1,1,1,0,0,1,0,0,0,1,0,1,0,0,0,0,0
21,Maryland,MD,2011,0,0,0,1,0,0,0,0,1,1,1,0,0,1,0,0,0,1,0,1,1,0,0,0,0
21,Maryland,MD,2012,0,0,0,1,0,0,0,0,1,1,1,0,0,1,0,0,0,1,0,1,1,0,0,0,0
21,Maryland,MD,2013,0,0,0,1,0,0,0,0,1,1,1,0,0,1,0,0,0,1,0,1,1,0,0,0,1
21,Maryland,MD,2014,0,0,0,1,1,0,0,0,1,1,1,0,0,1,0,0,0,1,0,1,1,0,0,0,1
21,Maryland,MD,2015,0,0,0,0,1,0,0,0,1,1,1,0,0,1,0,0,0,1,0,1,1,0,0,0,1
21,Maryland,MD,2016,0,0,0,0,1,0,0,0,1,0,1,0,0,1,0,0,0,1,0,1,1,0,0,0,1
21,Maryland,MD,2017,0,0,0,1,.5,0,0,0,1,1,1,0,0,1,0,0,0,1,0,1,1,0,0,0,1
21,Maryland,MD,2018,0,0,0,1,1,0,0,0,1,1,1,0,0,1,0,0,0,1,0,1,1,1,0,0,1
21,Maryland,MD,2019,0,0,0,1,1,0,0,0,1,1,1,0,0,1,0,0,0,1,0,1,1,1,0,0,1
22,Massachusetts,MA,2000,0,0,0,0,0,0,0,0,1,1,1,1,0,1,1,1,0,1,1,1,0,0,0,1,0
22,Massachusetts,MA,2001,0,0,0,0,0,0,0,0,1,1,1,1,0,1,1,1,0,1,1,1,0,0,0,1,0
22,Massachusetts,MA,2002,0,0,0,0,0,0,0,0,1,1,1,1,0,1,1,1,0,1,1,1,0,0,0,1,0
22,Massachusetts,MA,2003,0,0,0,0,0,0,0,0,1,0,1,0,0,1,1,0,0,1,1,1,0,0,0,1,0
22,Massachusetts,MA,2004,0,0,0,0,0,0,0,0,1,0,1,0,0,1,1,0,0,1,1,1,0,0,0,1,0
22,Massachusetts,MA,2005,0,0,0,0,0,0,0,0,1,0,1,0,0,1,1,0,0,1,1,1,0,0,0,1,0
22,Massachusetts,MA,2006,0,0,0,0,0,0,0,0,1,0,1,0,0,1,1,0,0,1,1,1,0,0,0,1,0
22,Massachusetts,MA,2007,0,0,1,0,0,0,0,0,1,0,1,0,0,1,1,1,0,1,1,1,0,0,0,1,0
22,Massachusetts,MA,2008,0,0,1,1,0,0,0,0,1,0,1,0,0,1,1,1,0,1,1,1,0,0,0,1,0
22,Massachusetts,MA,2009,0,0,1,1,0,0,0,0,1,0,1,0,0,1,1,1,0,1,1,1,0,0,0,1,0
22,Massachusetts,MA,2010,0,0,1,1,0,0,0,0,1,0,1,0,0,1,1,0,0,1,1,1,0,0,0,1,0
22,Massachusetts,MA,2011,0,0,1,1,0,0,0,0,1,0,1,0,0,1,1,0,0,1,1,1,0,0,0,1,0
22,Massachusetts,MA,2012,0,0,1,1,0,0,0,0,1,0,1,0,0,1,1,1,0,1,1,1,0,0,0,1,0
22,Massachusetts,MA,2013,0,0,1,1,0,0,0,0,1,0,1,0,0,1,1,1,0,1,1,1,0,0,0,1,0
22,Massachusetts,MA,2014,0,0,1,1,.5,0,0,0,1,0,1,0,0,1,1,1,0,1,1,1,0,0,0,1,0
22,Massachusetts,MA,2015,0,0,1,0,.5,0,0,0,1,0,1,0,0,1,1,1,0,1,1,1,0,0,0,1,0
22,Massachusetts,MA,2016,0,0,1,0,.5,0,0,0,1,0,1,0,0,1,1,1,0,1,1,1,0,0,0,1,0
22,Massachusetts,MA,2017,0,0,1,1,1,0,0,0,1,0,1,0,0,1,1,1,0,1,1,1,0,0,0,1,0
22,Massachusetts,MA,2018,0,0,1,1,1,0,0,0,1,0,1,0,0,1,1,1,0,1,1,1,0,0,0,1,0
22,Massachusetts,MA,2019,0,0,1,1,1,0,0,0,1,0,1,0,0,1,1,1,0,1,1,1,0,0,0,1,0
23,Michigan,MI,2000,0,0,0,0,0,0,0,0,1,0,0,0,0,0,0,0,0,0,0,1,0,0,0,0,0
23,Michigan,MI,2001,0,0,0,0,0,0,0,0,1,0,0,0,0,0,0,0,0,1,1,1,0,0,0,0,0
23,Michigan,MI,2002,0,0,0,0,0,0,0,0,1,0,0,0,0,0,0,0,0,1,1,1,0,0,0,0,0
23,Michigan,MI,2003,0,0,0,0,0,0,0,0,1,0,1,0,0,0,0,0,0,1,1,1,0,0,0,0,0
23,Michigan,MI,2004,0,0,0,0,0,0,0,0,1,0,1,0,0,0,0,0,0,1,1,1,0,0,0,0,0
23,Michigan,MI,2005,0,0,0,0,0,0,0,0,1,0,1,0,0,0,0,0,0,1,1,1,0,0,0,0,0
23,Michigan,MI,2006,0,0,0,0,0,0,0,0,1,0,1,0,0,0,0,0,0,1,1,1,0,0,0,0,0
23,Michigan,MI,2007,0,0,0,0,0,0,0,0,1,0,1,0,0,0,0,0,0,1,1,1,0,0,0,0,0
23,Michigan,MI,2008,0,0,0,0,0,0,0,0,1,0,1,0,0,0,0,0,0,1,1,1,0,0,0,0,0
23,Michigan,MI,2009,0,0,0,1,0,0,0,0,1,0,1,0,0,0,0,0,0,1,1,1,0,0,0,0,0
23,Michigan,MI,2010,0,0,0,1,0,0,0,0,1,0,1,0,0,0,0,0,0,1,1,1,0,0,0,0,0
23,Michigan,MI,2011,0,0,0,1,0,0,0,0,1,0,1,0,0,0,0,0,0,1,1,1,0,0,0,0,0
23,Michigan,MI,2012,0,0,0,1,0,.5,0,0,1,0,1,0,0,0,0,0,0,1,1,1,0,0,0,0,0
23,Michigan,MI,2013,0,0,0,1,0,.5,0,0,1,0,1,0,0,0,0,0,0,1,1,1,1,0,0,0,0
23,Michigan,MI,2014,0,0,0,1,0,.5,0,0,1,0,1,0,0,0,0,0,0,1,1,1,1,0,0,0,0
23,Michigan,MI,2015,0,0,0,0,0,.5,0,0,1,0,1,0,0,0,0,0,0,1,1,1,1,0,0,0,0
23,Michigan,MI,2016,0,0,0,0,0,.5,0,0,1,0,1,0,0,0,0,0,0,1,1,1,1,0,0,0,0
23,Michigan,MI,2017,0,0,0,1,0,.5,0,0,1,0,1,0,0,0,0,0,0,1,1,1,1,0,0,0,0
23,Michigan,MI,2018,0,0,0,1,.5,.5,0,0,1,0,1,0,0,0,0,0,0,1,1,1,1,0,0,0,0
23,Michigan,MI,2019,0,0,0,1,1,.5,0,0,1,0,1,0,0,0,0,0,0,1,1,1,1,0,0,0,0
24,Minnesota,MN,2000,0,0,0,0,0,0,0,0,1,0,0,1,0,1,0,1,0,1,1,1,0,0,0,0,0
24,Minnesota,MN,2001,0,0,0,0,0,0,0,0,1,0,0,1,0,1,0,1,0,1,1,1,0,0,0,0,0
24,Minnesota,MN,2002,0,0,0,0,0,0,0,0,1,0,0,1,0,1,0,1,0,1,1,1,0,0,0,0,0
24,Minnesota,MN,2003,0,0,0,0,0,0,0,0,1,0,1,1,0,1,0,1,0,1,1,1,0,0,0,0,0
24,Minnesota,MN,2004,0,0,0,0,0,0,0,0,1,0,1,1,0,1,0,1,0,1,1,1,0,0,0,0,0
24,Minnesota,MN,2005,0,0,0,0,0,0,0,0,1,0,1,1,0,1,0,1,0,1,1,1,0,0,0,0,0
24,Minnesota,MN,2006,0,0,0,0,0,0,0,0,1,0,1,1,0,1,0,1,0,1,1,1,0,0,0,0,0
24,Minnesota,MN,2007,0,0,0,0,0,0,0,0,1,0,1,1,0,1,0,1,0,1,1,1,0,0,0,0,0
24,Minnesota,MN,2008,1,0,0,0,0,.5,0,0,1,0,1,1,0,1,0,1,0,1,1,1,0,0,0,0,0
24,Minnesota,MN,2009,1,0,0,0,0,.5,0,0,1,0,1,1,0,1,0,1,0,1,1,1,0,0,0,0,0
24,Minnesota,MN,2010,1,0,0,0,0,.5,0,0,1,0,1,1,0,1,0,1,0,1,1,1,0,0,0,0,0
24,Minnesota,MN,2011,1,0,0,0,0,.5,0,0,1,0,1,1,0,1,0,1,0,1,1,1,0,0,0,0,0
24,Minnesota,MN,2012,0,0,0,1,0,.5,0,0,1,0,1,1,0,1,0,1,0,1,1,1,0,0,0,0,0
24,Minnesota,MN,2013,0,0,0,1,0,.5,0,0,1,0,1,1,0,1,0,1,0,1,1,1,1,1,0,0,0
24,Minnesota,MN,2014,0,0,0,1,1,.5,0,0,1,1,1,1,0,1,0,1,0,1,1,1,1,1,0,0,0
24,Minnesota,MN,2015,0,0,0,0,1,.5,0,0,1,1,1,1,0,1,0,1,0,1,1,1,1,1,0,0,0
24,Minnesota,MN,2016,0,0,0,0,1,.5,0,0,1,1,1,1,0,1,0,1,0,1,1,1,1,1,0,0,0
24,Minnesota,MN,2017,0,0,0,1,0,.5,0,0,1,1,1,1,0,1,0,1,0,1,1,1,1,1,0,0,0
24,Minnesota,MN,2018,0,0,0,1,1,.5,0,0,1,1,1,1,0,1,0,1,0,1,1,1,1,1,0,0,0
24,Minnesota,MN,2019,0,0,0,1,1,.5,0,0,1,1,1,1,0,1,0,1,0,1,1,1,1,1,0,0,0
25,Mississippi,MS,2000,0,0,0,0,0,0,0,0,0,0,0,0,0,0,0,0,0,0,0,0,0,0,0,1,0
25,Mississippi,MS,2001,0,0,0,0,0,0,0,0,0,0,0,0,0,0,0,0,0,0,0,0,0,0,0,1,0
25,Mississippi,MS,2002,0,0,0,0,0,0,0,0,0,0,0,0,0,0,0,0,0,0,0,0,0,0,0,1,0
25,Mississippi,MS,2003,0,0,0,0,0,0,0,0,0,0,1,0,0,0,0,0,0,0,0,0,0,0,0,1,0
25,Mississippi,MS,2004,0,0,0,0,0,0,0,0,0,0,1,0,0,0,0,0,0,0,0,0,0,0,0,1,0
25,Mississippi,MS,2005,0,0,0,0,0,0,0,0,0,0,1,0,0,0,0,0,0,0,0,0,0,0,0,1,0
25,Mississippi,MS,2006,0,0,0,0,0,0,0,0,0,0,1,0,0,0,0,0,0,0,0,0,0,0,0,1,0
25,Mississippi,MS,2007,0,0,0,0,0,0,0,0,0,0,1,0,0,0,0,0,0,0,0,0,0,0,0,1,0
25,Mississippi,MS,2008,0,0,0,0,0,1,0,0,0,0,1,0,0,0,0,0,0,0,0,0,0,0,0,1,0
25,Mississippi,MS,2009,0,0,0,0,0,1,0,0,0,0,1,0,0,0,0,0,0,0,0,0,0,0,0,1,0
25,Mississippi,MS,2010,0,0,0,1,0,1,0,0,0,0,1,0,0,0,0,0,0,0,0,0,0,0,0,1,0
25,Mississippi,MS,2011,0,0,0,1,0,1,0,0,0,0,1,0,0,0,0,0,0,0,0,0,0,0,0,1,0
25,Mississippi,MS,2012,0,0,0,1,0,1,0,0,0,0,1,0,0,0,0,0,0,0,0,0,0,0,0,1,0
25,Mississippi,MS,2013,0,0,0,1,0,1,0,0,0,0,1,0,0,0,0,0,0,0,0,0,0,0,0,1,0
25,Mississippi,MS,2014,0,0,0,1,0,1,0,0,0,0,1,0,0,0,0,0,0,0,0,0,0,0,0,1,0
25,Mississippi,MS,2015,0,0,0,0,0,1,0,0,0,0,1,0,0,0,0,0,0,0,0,0,0,0,0,1,0
25,Mississippi,MS,2016,0,0,0,0,0,1,0,0,0,0,1,0,0,0,0,0,0,0,0,0,0,0,0,1,0
25,Mississippi,MS,2017,0,0,0,1,0,1,0,0,0,0,1,0,0,0,0,0,0,0,0,0,0,0,0,1,0
25,Mississippi,MS,2018,0,0,0,1,0,1,0,0,0,0,1,0,0,0,0,0,0,0,0,0,0,0,0,1,0
25,Mississippi,MS,2019,0,0,0,1,0,1,0,0,0,0,1,0,0,0,0,0,0,0,0,0,0,0,0,1,0
26,Missouri,MO,2000,0,0,0,0,0,0,0,0,1,1,0,0,0,0,0,0,0,0,0,1,0,0,0,0,0
26,Missouri,MO,2001,0,0,0,0,0,0,0,0,1,1,0,0,0,0,0,0,0,0,0,1,0,0,0,0,0
26,Missouri,MO,2002,0,0,0,0,0,0,0,0,1,1,0,0,0,0,0,0,0,0,0,1,0,0,0,0,0
26,Missouri,MO,2003,0,0,0,0,0,0,0,0,1,1,1,0,0,0,0,0,0,0,0,1,0,0,0,0,0
26,Missouri,MO,2004,0,0,0,0,0,0,0,0,1,0,1,0,0,0,0,0,0,0,0,1,0,0,0,0,0
26,Missouri,MO,2005,0,0,0,0,0,0,0,0,1,0,1,0,0,0,0,0,0,0,0,1,0,0,0,0,0
26,Missouri,MO,2006,0,0,0,0,0,0,0,0,1,0,1,0,0,0,0,0,0,0,0,1,0,0,0,0,0
26,Missouri,MO,2007,0,0,0,0,0,0,0,0,1,0,1,0,0,0,0,0,0,0,0,1,0,0,0,0,0
26,Missouri,MO,2008,1,0,0,0,0,.5,0,0,1,0,1,0,0,0,0,0,0,0,0,1,0,0,0,1,0
26,Missouri,MO,2009,1,0,0,0,0,.5,0,0,1,0,1,0,0,0,0,0,0,0,0,1,0,0,0,1,0
26,Missouri,MO,2010,1,0,0,1,0,.5,0,0,1,0,1,0,0,0,0,0,0,0,0,1,0,0,0,1,0
26,Missouri,MO,2011,1,0,0,1,0,.5,0,0,1,0,1,0,0,0,0,0,0,0,0,1,0,0,0,1,0
26,Missouri,MO,2012,0,0,0,1,0,.5,0,0,1,0,1,0,0,0,0,0,0,0,0,1,0,0,0,1,0
26,Missouri,MO,2013,0,0,0,1,0,.5,0,0,1,0,1,0,0,0,0,0,0,0,0,1,0,0,0,1,0
26,Missouri,MO,2014,0,0,0,1,0,.5,0,0,1,0,1,0,0,0,0,0,0,0,0,1,0,0,0,1,0
26,Missouri,MO,2015,0,0,0,0,0,.5,0,0,1,0,1,0,0,0,0,0,0,0,0,1,0,0,0,1,0
26,Missouri,MO,2016,0,0,0,0,0,.5,0,0,1,0,1,0,0,0,0,0,0,0,0,1,0,0,0,1,0
26,Missouri,MO,2017,0,0,0,1,0,.5,0,0,1,0,1,0,0,0,0,0,0,0,0,1,0,0,0,1,0
26,Missouri,MO,2018,0,0,0,1,0,.5,0,0,1,0,1,0,0,0,0,0,0,1,1,1,0,0,0,1,0
26,Missouri,MO,2019,0,0,0,1,0,.5,0,0,1,0,1,0,0,0,0,0,0,1,1,1,0,0,0,1,0
27,Montana,MT,2000,0,0,0,0,0,0,0,0,1,0,0,0,0,0,0,0,0,0,0,1,0,0,0,1,0
27,Montana,MT,2001,0,0,0,0,0,0,0,0,1,0,0,0,0,0,0,0,0,0,0,1,0,0,0,1,0
27,Montana,MT,2002,0,0,0,0,0,0,0,0,0,0,0,0,0,0,0,0,0,0,0,1,0,0,0,1,0
27,Montana,MT,2003,0,0,0,0,0,0,0,0,0,0,1,0,0,0,0,0,0,0,0,1,0,0,0,1,0
27,Montana,MT,2004,0,0,0,0,0,0,0,0,0,0,1,0,0,0,0,0,0,0,0,1,0,0,0,1,0
27,Montana,MT,2005,0,0,0,0,0,0,0,0,0,0,1,0,0,0,0,0,0,0,0,1,0,0,0,1,0
27,Montana,MT,2006,0,0,0,0,0,0,0,0,0,0,1,0,0,0,0,0,0,0,0,1,0,0,0,1,0
27,Montana,MT,2007,0,0,0,0,0,0,0,0,0,0,1,0,0,0,0,0,0,0,0,1,0,0,0,1,0
27,Montana,MT,2008,0,0,0,0,0,0,0,0,0,0,1,0,0,0,0,0,0,0,0,1,0,0,0,1,0
27,Montana,MT,2009,0,0,0,0,0,0,0,0,1,0,1,0,0,0,0,0,0,0,0,1,0,0,0,1,0
27,Montana,MT,2010,0,0,0,1,0,0,0,0,1,0,1,0,0,1,0,0,0,0,0,1,0,0,0,1,0
27,Montana,MT,2011,0,0,0,1,0,0,0,0,1,0,1,0,0,1,0,0,0,0,0,1,0,0,0,1,0
27,Montana,MT,2012,0,0,0,1,0,0,0,0,1,0,1,0,0,1,0,0,0,0,0,1,0,0,0,1,0
27,Montana,MT,2013,0,0,0,1,0,0,0,0,1,0,1,0,0,1,0,0,0,0,0,1,0,0,0,1,0
27,Montana,MT,2014,0,0,0,1,0,0,0,0,1,0,1,0,0,1,0,0,0,0,0,1,0,0,0,1,0
27,Montana,MT,2015,0,0,0,0,0,0,0,0,1,0,1,0,0,1,0,0,0,0,0,1,0,0,0,1,0
27,Montana,MT,2016,0,0,0,0,0,0,0,0,1,0,1,0,0,1,0,0,0,0,0,1,0,0,0,1,0
27,Montana,MT,2017,0,0,0,1,0,0,0,0,1,0,1,0,0,1,0,0,0,0,0,1,0,0,0,1,0
27,Montana,MT,2018,0,0,0,1,0,0,0,0,1,0,1,0,0,1,0,0,0,0,0,1,0,0,0,1,0
27,Montana,MT,2019,0,0,0,1,1,0,0,0,0,0,1,0,0,1,0,0,0,0,0,1,0,0,0,1,0
28,Nebraska,NE,2000,0,0,0,0,0,0,0,0,1,1,1,1,1,1,0,1,0,1,0,1,0,0,0,1,0
28,Nebraska,NE,2001,0,0,0,0,0,0,0,0,1,1,1,1,1,1,0,1,0,1,1,1,0,0,0,1,0
28,Nebraska,NE,2002,0,0,0,0,0,0,0,0,1,1,1,1,1,1,0,1,0,1,1,1,0,0,0,1,0
28,Nebraska,NE,2003,0,0,0,0,0,0,0,0,1,1,1,1,1,1,0,1,0,1,1,1,0,0,0,1,0
28,Nebraska,NE,2004,0,0,0,0,0,0,0,0,1,1,1,1,1,1,0,1,0,1,1,1,0,0,0,1,0
28,Nebraska,NE,2005,0,0,0,0,0,0,0,0,1,1,1,1,1,1,0,1,0,1,1,1,0,0,0,1,0
28,Nebraska,NE,2006,0,0,0,0,0,0,0,0,1,1,1,1,1,1,0,1,0,1,1,1,1,0,0,1,0
28,Nebraska,NE,2007,0,0,0,0,0,0,0,0,1,1,1,1,1,1,0,1,0,1,1,1,1,0,0,1,0
28,Nebraska,NE,2008,0,0,0,0,0,0,0,0,1,1,1,1,1,1,0,1,0,1,1,1,1,0,0,1,0
28,Nebraska,NE,2009,0,0,0,0,0,.5,0,0,1,1,1,1,1,1,0,1,0,1,1,1,1,0,0,1,0
28,Nebraska,NE,2010,0,0,0,1,0,.5,0,0,1,0,1,1,1,1,0,1,0,1,0,1,1,0,0,1,0
28,Nebraska,NE,2011,0,0,0,1,0,.5,0,0,1,0,1,0,1,1,0,0,0,1,0,1,1,0,0,1,0
28,Nebraska,NE,2012,0,0,0,1,0,.5,0,0,1,0,1,0,1,1,0,0,0,1,1,1,1,0,0,1,0
28,Nebraska,NE,2013,0,0,0,1,0,.5,0,0,1,0,1,0,1,1,0,0,0,1,1,1,1,0,0,1,0
28,Nebraska,NE,2014,0,0,0,1,1,.5,0,0,1,0,1,0,0,1,0,0,0,1,1,1,1,0,0,1,0
28,Nebraska,NE,2015,0,0,0,0,1,.5,0,0,1,0,1,0,0,1,0,0,0,1,1,1,1,0,0,1,0
28,Nebraska,NE,2016,0,0,0,0,1,.5,0,0,1,0,1,0,0,1,0,0,0,1,1,1,1,0,0,1,0
28,Nebraska,NE,2017,0,0,0,1,0,.5,0,0,1,0,1,0,0,1,0,0,0,1,1,1,1,0,0,1,0
28,Nebraska,NE,2018,0,0,0,1,1,.5,0,0,1,0,1,0,0,1,0,0,0,1,1,1,1,0,0,1,0
28,Nebraska,NE,2019,0,0,0,1,1,.5,0,0,1,0,1,0,0,1,0,0,0,1,1,1,1,0,0,1,0
29,Nevada,NV,2000,0,0,0,0,0,0,0,0,1,0,0,0,0,0,0,0,0,0,0,1,0,0,0,0,0
29,Nevada,NV,2001,0,0,0,0,0,0,0,0,1,0,0,0,0,0,0,0,0,0,0,1,0,0,0,0,0
29,Nevada,NV,2002,0,0,0,0,0,0,0,0,1,0,0,0,0,0,0,0,0,0,0,1,0,0,0,0,0
29,Nevada,NV,2003,0,0,0,0,0,0,0,0,1,0,1,0,0,0,0,0,0,0,0,1,0,0,0,0,0
29,Nevada,NV,2004,0,0,0,0,0,0,0,0,1,0,1,0,0,0,0,0,0,0,0,1,0,0,0,0,0
29,Nevada,NV,2005,0,0,0,0,0,0,0,0,1,0,1,0,0,0,0,0,0,0,0,1,0,0,0,0,0
29,Nevada,NV,2006,0,0,0,0,0,0,0,0,1,0,1,0,0,0,0,0,0,0,0,1,0,0,0,0,0
29,Nevada,NV,2007,0,0,0,0,0,0,0,0,1,0,1,0,0,0,0,0,0,0,0,1,0,0,0,0,0
29,Nevada,NV,2008,0,0,1,0,0,0,0,0,1,0,1,0,0,0,0,0,0,0,0,1,0,0,0,0,0
29,Nevada,NV,2009,0,0,1,0,0,0,0,0,1,0,1,0,0,0,0,0,0,0,0,1,0,0,0,0,0
29,Nevada,NV,2010,0,0,1,1,0,0,0,0,1,0,1,0,0,0,0,0,0,0,0,1,0,0,0,0,0
29,Nevada,NV,2011,0,0,1,1,0,0,0,0,1,0,1,0,0,0,0,0,0,0,0,1,0,0,0,0,0
29,Nevada,NV,2012,0,0,1,1,0,0,0,0,1,0,1,0,0,0,0,0,0,0,0,1,0,0,0,0,0
29,Nevada,NV,2013,0,0,1,1,0,0,0,0,1,0,1,0,0,0,0,0,0,0,0,1,0,0,0,0,1
29,Nevada,NV,2014,0,0,1,1,1,0,0,0,1,0,1,0,0,0,0,0,0,0,0,1,0,0,0,0,1
29,Nevada,NV,2015,0,0,1,0,1,0,0,0,1,0,1,0,0,0,0,0,0,0,0,1,0,0,0,0,1
29,Nevada,NV,2016,0,0,1,0,1,0,0,0,1,0,1,0,0,0,0,0,0,0,0,1,0,0,0,0,1
29,Nevada,NV,2017,0,0,1,1,0,0,0,0,1,0,1,0,0,1,0,0,0,0,0,1,0,0,0,0,1
29,Nevada,NV,2018,0,0,1,1,0,0,0,0,1,0,1,0,0,1,0,0,0,0,0,1,0,0,0,0,1
29,Nevada,NV,2019,0,0,1,1,0,0,0,0,1,0,1,0,0,1,0,0,0,0,0,1,0,0,0,0,1
30,New Hampshire,NH,2000,0,0,0,0,0,0,0,0,1,0,0,0,1,0,0,0,0,0,0,1,0,0,0,1,0
30,New Hampshire,NH,2001,0,0,0,0,0,0,0,0,1,0,0,0,1,0,0,0,0,0,0,1,0,0,0,1,0
30,New Hampshire,NH,2002,0,0,0,0,0,0,0,0,1,0,0,0,1,0,0,0,0,0,0,1,0,0,0,1,0
30,New Hampshire,NH,2003,0,0,0,0,0,0,0,0,1,0,1,0,1,0,0,0,0,0,0,1,0,0,0,1,0
30,New Hampshire,NH,2004,0,0,0,0,0,0,0,0,1,0,1,0,1,0,0,0,0,0,0,1,0,0,0,1,0
30,New Hampshire,NH,2005,0,0,0,0,0,0,0,0,1,0,1,0,1,0,0,0,0,0,0,1,0,0,0,1,0
30,New Hampshire,NH,2006,0,0,0,0,0,0,0,0,1,0,1,0,1,0,0,0,0,0,0,1,0,0,0,1,0
30,New Hampshire,NH,2007,.5,0,0,0,0,0,0,0,1,0,1,0,1,0,0,0,0,0,0,1,0,0,0,1,0
30,New Hampshire,NH,2008,.5,0,0,0,0,0,0,0,1,0,1,0,1,0,0,0,0,0,0,1,0,0,0,1,0
30,New Hampshire,NH,2009,.5,0,0,0,0,0,0,0,1,0,1,0,1,0,0,0,0,0,0,1,0,0,0,1,0
30,New Hampshire,NH,2010,.5,0,0,0,0,0,0,0,1,0,1,0,1,0,0,0,0,0,0,1,0,0,0,1,0
30,New Hampshire,NH,2011,0,0,0,0,0,0,0,0,1,0,1,0,1,0,0,0,0,0,0,1,0,0,0,1,0
30,New Hampshire,NH,2012,0,0,0,1,0,0,0,0,1,0,1,0,1,0,0,0,0,0,0,1,0,0,0,1,0
30,New Hampshire,NH,2013,0,0,0,1,0,0,0,0,1,0,1,0,1,0,0,0,0,0,0,1,0,0,0,1,0
30,New Hampshire,NH,2014,0,0,0,1,0,0,0,0,1,0,1,0,1,0,0,0,0,0,0,1,0,0,0,1,0
30,New Hampshire,NH,2015,0,0,0,0,0,0,0,0,1,0,1,0,1,0,0,0,0,0,0,1,0,0,0,1,0
30,New Hampshire,NH,2016,0,0,0,0,0,0,0,0,1,0,1,0,1,0,0,0,0,0,0,1,0,0,0,1,0
30,New Hampshire,NH,2017,0,0,0,1,0,0,0,0,1,0,1,0,1,0,0,0,0,0,0,1,0,0,0,1,0
30,New Hampshire,NH,2018,0,0,0,1,0,0,0,0,1,0,1,0,1,0,0,0,0,0,0,1,0,0,0,1,0
30,New Hampshire,NH,2019,0,0,0,1,0,0,0,0,1,0,1,0,1,0,0,0,0,0,0,1,0,0,0,1,0
31,New Jersey,NJ,2000,0,0,0,0,0,0,0,0,1,0,0,0,0,1,0,1,0,1,0,1,0,0,0,0,0
31,New Jersey,NJ,2001,0,0,0,0,0,0,0,0,1,0,0,0,0,1,0,1,0,1,1,1,0,0,0,0,0
31,New Jersey,NJ,2002,0,0,0,0,0,0,0,0,1,0,0,0,0,1,0,1,0,1,1,1,0,0,0,0,0
31,New Jersey,NJ,2003,0,0,0,0,0,0,0,0,1,0,1,0,0,1,0,1,0,1,1,1,0,0,0,0,0
31,New Jersey,NJ,2004,0,0,0,0,0,0,0,0,1,0,1,0,0,1,0,1,0,1,1,1,0,0,0,0,0
31,New Jersey,NJ,2005,0,0,0,0,0,0,0,0,1,0,1,0,0,1,0,1,0,1,1,1,0,0,0,0,0
31,New Jersey,NJ,2006,0,0,0,0,0,0,0,0,1,0,1,0,0,1,0,1,0,1,1,1,0,0,0,0,0
31,New Jersey,NJ,2007,0,0,0,0,0,0,0,0,1,0,1,0,0,1,0,1,0,1,1,1,0,0,0,0,0
31,New Jersey,NJ,2008,0,0,.5,0,0,0,0,0,1,0,1,0,0,1,0,1,0,1,1,1,0,0,0,0,0
31,New Jersey,NJ,2009,0,0,.5,0,0,0,0,0,1,0,1,0,0,1,0,1,0,1,1,1,0,0,0,0,0
31,New Jersey,NJ,2010,0,0,.5,0,0,0,0,0,1,0,1,0,0,1,0,0,0,1,1,1,0,0,0,0,0
31,New Jersey,NJ,2011,0,0,.5,0,0,0,0,0,1,0,1,0,0,1,0,0,0,1,1,1,0,0,0,0,0
31,New Jersey,NJ,2012,0,0,.5,1,0,0,0,0,1,0,1,0,0,1,0,0,0,1,1,1,0,0,0,0,0
31,New Jersey,NJ,2013,0,0,.5,1,0,0,0,0,1,0,1,0,0,1,0,0,0,1,1,1,1,0,0,0,0
31,New Jersey,NJ,2014,0,0,.5,1,.5,0,0,0,1,0,1,0,0,1,0,0,0,1,1,1,1,0,0,0,0
31,New Jersey,NJ,2015,0,0,.5,0,.5,0,0,0,1,0,1,0,0,1,0,0,0,1,1,1,1,0,0,0,0
31,New Jersey,NJ,2016,0,0,.5,0,.5,0,0,0,1,0,1,0,0,1,0,0,0,1,1,1,1,0,0,0,0
31,New Jersey,NJ,2017,0,0,.5,1,.5,0,0,0,1,0,1,0,0,1,0,0,0,1,1,1,1,0,0,0,0
31,New Jersey,NJ,2018,0,0,0,1,.5,0,0,0,1,0,1,0,0,1,0,0,0,1,1,1,1,1,0,0,0
31,New Jersey,NJ,2019,0,0,0,1,.5,0,0,0,1,0,1,0,0,1,0,0,0,1,1,1,1,1,0,0,0
32,New Mexico,NM,2000,0,0,0,0,0,0,0,0,1,1,0,0,0,0,0,0,0,0,0,1,0,0,0,0,0
32,New Mexico,NM,2001,0,0,0,0,0,0,0,0,1,1,0,0,0,0,0,0,0,0,0,1,0,0,0,0,0
32,New Mexico,NM,2002,0,0,0,0,0,0,0,0,1,1,0,0,0,0,0,0,0,0,0,1,0,0,0,0,0
32,New Mexico,NM,2003,0,0,0,0,0,0,0,0,1,1,1,0,0,0,0,0,0,0,0,1,0,0,0,0,1
32,New Mexico,NM,2004,0,0,0,0,0,0,0,0,1,1,1,0,0,0,0,0,0,0,0,1,0,0,0,0,1
32,New Mexico,NM,2005,0,0,0,0,0,0,0,0,1,1,1,0,0,0,0,0,0,0,0,1,1,1,0,0,1
32,New Mexico,NM,2006,0,0,0,0,0,0,0,0,1,1,1,0,0,0,0,0,0,0,0,1,1,1,0,0,1
32,New Mexico,NM,2007,0,0,1,0,0,0,0,0,1,1,1,0,0,0,0,0,0,0,0,1,1,1,0,0,1
32,New Mexico,NM,2008,0,0,1,0,0,0,0,0,1,1,1,0,0,0,0,0,0,0,0,1,1,1,0,0,1
32,New Mexico,NM,2009,0,0,1,1,0,0,0,0,1,1,1,0,0,1,0,0,0,1,0,1,1,1,0,0,1
32,New Mexico,NM,2010,0,0,1,1,0,0,0,0,1,1,1,0,0,1,0,0,0,1,0,1,1,1,0,0,1
32,New Mexico,NM,2011,0,0,1,1,0,0,0,0,1,1,1,0,0,1,0,0,0,1,0,1,1,1,0,0,1
32,New Mexico,NM,2012,0,0,1,1,0,0,0,0,1,1,1,0,0,1,0,0,0,1,0,1,1,1,0,0,1
32,New Mexico,NM,2013,0,0,0,1,0,0,0,0,1,1,1,0,0,1,0,0,0,1,0,1,1,1,0,0,1
32,New Mexico,NM,2014,0,0,0,1,1,0,0,0,1,1,1,0,0,1,0,0,0,1,0,1,1,1,0,0,1
32,New Mexico,NM,2015,0,0,0,0,1,0,0,0,1,1,1,0,0,1,0,0,0,1,0,1,1,1,0,0,1
32,New Mexico,NM,2016,0,0,0,0,1,0,0,0,1,1,1,0,0,1,0,0,0,1,0,1,1,1,0,0,1
32,New Mexico,NM,2017,0,0,0,1,1,0,0,0,1,1,1,0,0,1,0,0,0,1,0,1,1,1,0,0,1
32,New Mexico,NM,2018,0,0,0,1,1,0,0,0,1,1,1,0,0,1,0,0,0,1,0,1,1,1,0,0,1
32,New Mexico,NM,2019,0,0,0,1,1,0,0,0,1,1,1,0,0,1,0,0,0,1,0,1,1,1,0,0,1
33,New York,NY,2000,0,0,0,0,0,0,0,0,1,1,0,0,0,1,1,1,0,1,1,1,0,0,0,0,0
33,New York,NY,2001,0,0,0,0,0,0,0,0,1,1,0,0,0,1,1,1,0,1,1,1,0,0,0,0,0
33,New York,NY,2002,0,0,0,0,0,0,0,0,1,1,0,0,0,1,1,1,0,1,1,1,1,0,0,0,0
33,New York,NY,2003,0,0,0,0,0,0,0,0,1,1,1,0,0,1,1,1,0,1,1,1,1,0,0,0,0
33,New York,NY,2004,0,0,0,0,0,0,0,0,1,1,1,0,0,1,1,1,0,1,1,1,1,0,0,0,0
33,New York,NY,2005,0,0,0,0,0,0,0,0,1,1,1,0,0,1,1,1,0,1,1,1,1,0,0,0,0
33,New York,NY,2006,0,0,0,0,0,0,0,0,1,1,1,0,0,1,1,1,0,1,1,1,1,0,0,0,0
33,New York,NY,2007,0,0,0,0,0,0,0,0,1,1,1,0,0,1,1,1,0,1,1,1,1,0,0,0,0
33,New York,NY,2008,0,0,0,0,0,0,0,0,1,1,1,0,0,1,1,1,0,1,1,1,1,0,0,0,0
33,New York,NY,2009,0,0,0,0,0,0,0,0,1,1,1,0,0,1,1,1,0,1,1,1,1,0,0,0,0
33,New York,NY,2010,0,0,0,0,0,0,0,0,1,1,1,0,0,1,1,1,0,1,1,1,1,0,0,0,0
33,New York,NY,2011,0,0,0,1,1,0,0,0,1,1,1,0,0,1,1,1,0,1,1,1,1,0,0,0,0
33,New York,NY,2012,0,0,0,1,1,0,0,0,1,1,1,0,0,1,1,1,0,1,1,1,1,0,0,0,0
33,New York,NY,2013,0,0,0,1,1,0,0,0,1,1,1,0,0,1,1,1,0,1,1,1,1,0,0,0,0
33,New York,NY,2014,0,0,0,1,1,0,0,0,1,1,1,0,0,1,1,1,0,1,1,1,1,0,0,0,0
33,New York,NY,2015,0,0,0,0,1,0,0,0,1,1,1,0,0,1,1,1,0,1,1,1,1,0,0,0,0
33,New York,NY,2016,0,0,0,0,1,0,0,0,1,1,1,0,0,1,1,1,0,1,1,1,1,0,0,0,0
33,New York,NY,2017,0,0,0,1,1,0,0,0,1,1,1,0,0,1,1,1,0,1,1,1,1,0,0,0,0
33,New York,NY,2018,0,0,0,1,1,0,0,0,1,1,1,0,0,1,1,1,0,1,1,1,1,0,0,0,0
33,New York,NY,2019,0,0,0,1,1,0,0,0,1,1,1,0,0,1,1,1,0,1,1,1,1,1,0,0,1
34,North Carolina,NC,2000,0,0,0,0,0,0,0,0,1,0,0,0,0,0,0,0,0,0,0,1,0,0,0,1,0
34,North Carolina,NC,2001,0,0,0,0,0,0,0,0,1,0,0,0,0,0,0,0,0,0,0,1,0,0,0,1,0
34,North Carolina,NC,2002,0,0,0,0,0,0,0,0,1,0,0,0,0,0,0,0,0,0,0,1,0,0,0,1,0
34,North Carolina,NC,2003,0,0,0,0,0,0,0,0,1,0,1,0,0,0,0,0,0,0,0,1,0,0,0,1,0
34,North Carolina,NC,2004,0,0,0,0,0,0,0,0,1,0,1,0,0,0,0,0,0,0,0,1,0,0,0,1,0
34,North Carolina,NC,2005,0,0,0,0,0,0,0,0,1,0,1,0,0,0,0,0,0,0,0,1,0,0,0,1,0
34,North Carolina,NC,2006,0,0,.5,0,0,0,0,0,1,0,1,0,0,0,0,0,0,0,0,1,0,0,0,1,0
34,North Carolina,NC,2007,0,0,.5,0,0,0,0,0,1,0,1,0,0,0,0,0,0,0,0,1,0,0,0,1,0
34,North Carolina,NC,2008,.5,0,.5,1,0,0,0,0,1,0,1,0,0,0,0,0,0,0,0,1,0,0,0,1,0
34,North Carolina,NC,2009,.5,0,.5,1,0,0,0,0,1,0,1,0,0,0,0,0,0,0,0,1,0,0,0,1,0
34,North Carolina,NC,2010,.5,0,.5,1,0,0,0,0,1,0,1,0,0,1,0,0,0,1,0,1,0,0,0,1,0
34,North Carolina,NC,2011,.5,0,.5,1,0,1,0,0,1,0,1,0,0,1,0,0,0,1,0,1,0,0,0,1,0
34,North Carolina,NC,2012,.5,0,.5,1,0,1,0,0,1,0,1,0,0,1,0,0,0,1,0,1,0,0,0,1,0
34,North Carolina,NC,2013,0,0,.5,1,0,1,0,0,1,0,1,0,0,1,0,0,0,1,0,1,0,0,0,1,0
34,North Carolina,NC,2014,0,0,.5,1,0,1,0,0,1,0,1,0,0,1,0,0,0,1,0,1,0,0,0,1,0
34,North Carolina,NC,2015,0,0,.5,0,0,1,0,0,1,0,1,0,0,1,0,0,0,1,0,1,0,0,0,1,0
34,North Carolina,NC,2016,0,0,.5,0,0,1,0,0,1,0,1,0,0,1,0,0,0,1,0,1,0,0,0,1,0
34,North Carolina,NC,2017,0,0,.5,1,.5,1,0,0,1,0,1,0,0,1,0,0,0,1,0,1,0,0,0,1,0
34,North Carolina,NC,2018,0,0,.5,1,.5,1,0,0,1,0,1,0,0,1,0,0,0,1,0,1,0,0,0,1,0
34,North Carolina,NC,2019,0,0,0,1,.5,1,0,0,1,0,1,0,0,1,0,0,0,1,0,1,0,0,0,1,0
35,North Dakota,ND,2000,0,0,0,0,0,0,0,0,1,0,0,0,0,0,0,0,0,0,0,1,0,0,0,1,0
35,North Dakota,ND,2001,0,0,0,0,0,0,0,0,1,0,0,0,0,0,0,0,0,0,0,1,0,0,0,1,0
35,North Dakota,ND,2002,0,0,0,0,0,0,0,0,1,0,0,0,0,0,0,0,0,0,0,0,0,0,0,1,0
35,North Dakota,ND,2003,0,0,0,0,0,0,0,0,1,0,1,0,0,0,0,0,0,0,0,0,0,0,0,1,0
35,North Dakota,ND,2004,0,0,0,0,0,0,0,0,0,0,1,0,0,0,0,0,0,0,0,0,0,0,0,1,0
35,North Dakota,ND,2005,0,0,0,0,0,0,0,0,0,0,1,0,0,0,0,0,0,0,0,0,0,0,0,1,0
35,North Dakota,ND,2006,0,0,0,0,0,0,0,0,0,0,1,0,0,0,0,0,0,0,0,0,0,0,0,1,0
35,North Dakota,ND,2007,0,0,0,0,0,0,0,0,0,0,1,0,0,0,0,0,0,0,0,0,0,0,0,1,0
35,North Dakota,ND,2008,0,0,0,0,0,0,0,0,0,0,1,0,0,0,0,0,0,0,0,0,0,0,0,1,0
35,North Dakota,ND,2009,0,0,0,0,0,0,0,0,0,0,1,0,0,0,0,0,0,0,0,0,0,0,0,1,0
35,North Dakota,ND,2010,0,0,0,0,0,0,0,0,1,0,1,0,0,0,0,0,0,0,0,0,0,0,0,1,0
35,North Dakota,ND,2011,0,0,0,0,0,0,0,0,1,0,1,0,0,0,0,0,0,0,0,0,0,0,0,1,0
35,North Dakota,ND,2012,0,0,0,1,0,0,0,0,1,0,1,0,0,0,0,0,0,0,0,0,0,0,0,1,0
35,North Dakota,ND,2013,0,0,0,1,0,0,0,0,1,0,1,0,0,0,0,0,0,0,0,0,0,0,0,1,0
35,North Dakota,ND,2014,0,0,0,1,0,0,0,0,1,0,1,0,0,0,0,0,0,0,0,0,0,0,0,1,0
35,North Dakota,ND,2015,0,0,0,0,0,0,0,0,1,0,1,0,0,0,0,0,0,0,0,0,0,0,0,1,0
35,North Dakota,ND,2016,0,0,0,0,0,0,0,0,1,0,1,0,0,0,0,0,0,0,0,0,0,0,0,1,0
35,North Dakota,ND,2017,0,0,0,1,0,0,0,0,1,0,1,0,0,0,0,0,0,0,0,0,0,0,0,1,0
35,North Dakota,ND,2018,0,0,0,1,0,0,0,0,1,0,1,0,0,0,0,0,0,0,0,0,0,0,0,1,0
35,North Dakota,ND,2019,0,0,0,1,0,0,0,0,1,0,1,0,0,0,0,0,0,0,0,0,0,0,0,1,0
36,Ohio,OH,2000,0,0,0,0,0,0,0,0,1,0,0,0,0,0,0,0,0,0,0,0,0,0,0,0,0
36,Ohio,OH,2001,0,0,0,0,0,0,0,0,1,0,0,0,0,0,0,0,0,0,0,0,0,0,0,0,0
36,Ohio,OH,2002,0,0,0,0,0,0,0,0,1,0,0,0,0,0,0,0,0,0,0,0,0,0,0,0,0
36,Ohio,OH,2003,0,0,0,0,0,0,0,0,1,0,1,0,0,0,0,0,0,0,0,0,0,0,0,0,0
36,Ohio,OH,2004,0,0,0,0,0,0,0,0,1,0,1,0,0,0,0,0,0,0,0,0,0,0,0,0,0
36,Ohio,OH,2005,0,0,0,0,0,0,0,0,1,0,1,0,0,0,0,0,0,0,0,0,0,0,0,0,0
36,Ohio,OH,2006,0,0,0,0,0,0,0,0,1,0,1,0,0,0,0,0,0,0,0,0,0,0,0,0,0
36,Ohio,OH,2007,0,0,0,0,0,0,0,0,1,0,1,0,0,0,0,0,0,0,0,0,0,0,0,0,0
36,Ohio,OH,2008,0,0,0,0,0,0,0,0,1,0,1,0,0,0,0,0,0,0,0,0,0,0,0,0,0
36,Ohio,OH,2009,0,0,0,0,0,0,0,0,1,0,1,0,0,0,0,0,0,0,0,0,0,0,0,0,0
36,Ohio,OH,2010,0,0,0,1,0,0,0,0,1,0,1,0,0,0,0,0,0,0,0,0,0,0,0,0,0
36,Ohio,OH,2011,0,0,0,1,0,0,0,0,1,0,1,0,0,0,0,0,0,0,0,0,0,0,0,0,0
36,Ohio,OH,2012,0,0,0,1,0,0,0,0,1,0,1,0,0,0,0,0,0,0,0,0,0,0,0,0,0
36,Ohio,OH,2013,0,0,0,1,0,0,0,0,1,0,1,0,0,0,0,0,0,0,0,1,0,0,0,0,0
36,Ohio,OH,2014,0,0,0,1,0,0,0,0,0,0,1,0,0,1,0,0,0,1,0,1,0,0,0,0,0
36,Ohio,OH,2015,0,0,0,0,0,0,0,0,0,0,1,0,0,1,0,0,0,1,0,1,0,0,0,0,0
36,Ohio,OH,2016,0,0,0,0,0,0,0,0,0,0,1,0,0,1,0,0,0,1,0,1,0,0,0,0,0
36,Ohio,OH,2017,0,0,0,1,.5,0,0,0,0,0,1,0,0,1,0,0,0,1,0,1,0,0,0,0,0
36,Ohio,OH,2018,0,0,0,1,.5,0,0,0,0,0,1,0,0,1,0,0,0,1,0,1,0,0,0,0,0
36,Ohio,OH,2019,0,0,0,1,1,0,0,0,0,0,1,0,0,1,0,0,0,1,0,1,0,0,0,0,0
37,Oklahoma,OK,2000,0,0,0,0,0,0,0,0,1,0,0,0,0,0,0,0,0,0,0,1,0,0,0,0,0
37,Oklahoma,OK,2001,0,0,0,0,0,0,0,0,1,0,0,0,0,0,0,0,0,0,0,1,0,0,0,0,0
37,Oklahoma,OK,2002,0,0,0,0,0,0,0,0,1,0,0,0,0,0,0,0,0,0,0,1,0,0,0,0,0
37,Oklahoma,OK,2003,0,0,0,0,0,0,0,0,1,0,1,0,0,0,0,0,0,0,0,1,1,1,0,0,0
37,Oklahoma,OK,2004,0,0,0,0,0,0,0,0,1,0,1,0,0,0,0,0,0,0,0,1,1,1,0,0,0
37,Oklahoma,OK,2005,0,0,0,0,0,0,0,0,1,0,1,0,0,0,0,0,0,0,0,1,1,1,0,0,0
37,Oklahoma,OK,2006,0,0,0,0,0,0,0,0,1,0,1,0,0,0,0,0,0,0,0,1,1,1,0,0,0
37,Oklahoma,OK,2007,0,0,0,0,0,0,0,0,1,0,1,0,0,0,0,0,0,0,0,1,1,1,0,0,0
37,Oklahoma,OK,2008,0,0,0,0,0,.5,0,0,1,0,1,0,0,0,0,0,0,0,0,1,1,1,0,0,0
37,Oklahoma,OK,2009,0,0,0,1,0,.5,0,0,1,0,1,0,0,0,0,0,0,1,1,1,1,1,0,0,0
37,Oklahoma,OK,2010,0,0,0,1,0,1,0,0,1,0,1,0,0,0,0,0,0,1,1,1,1,1,0,1,0
37,Oklahoma,OK,2011,0,0,0,1,0,1,0,0,1,0,1,0,0,0,0,0,0,1,1,1,1,1,0,1,0
37,Oklahoma,OK,2012,0,0,0,1,0,1,0,0,1,0,1,0,0,0,0,0,0,1,1,1,1,1,0,1,0
37,Oklahoma,OK,2013,0,0,0,1,0,1,0,0,1,0,1,0,0,0,0,0,0,1,1,1,1,1,0,1,0
37,Oklahoma,OK,2014,0,0,0,1,0,1,0,0,1,0,1,0,0,0,0,0,0,1,1,1,1,1,0,1,0
37,Oklahoma,OK,2015,0,0,0,0,0,1,0,0,1,0,1,0,0,0,0,0,0,1,1,1,1,1,0,1,0
37,Oklahoma,OK,2016,0,0,0,0,0,1,0,0,1,0,1,0,0,0,0,0,0,1,1,1,1,1,0,1,0
37,Oklahoma,OK,2017,0,0,.5,1,0,1,0,0,1,0,1,0,0,0,0,0,0,1,1,1,1,1,0,1,0
37,Oklahoma,OK,2018,0,0,.5,1,0,1,0,0,1,0,1,0,0,0,0,0,0,1,1,1,1,1,0,1,0
37,Oklahoma,OK,2019,0,0,.5,1,0,1,0,0,1,0,1,0,0,0,0,0,0,1,1,1,1,1,0,1,0
38,Oregon,OR,2000,0,0,0,0,0,0,0,0,1,1,0,0,0,0,0,0,0,0,0,0,0,0,0,0,0
38,Oregon,OR,2001,0,0,0,0,0,0,0,0,1,1,0,0,0,0,0,0,0,0,0,0,0,0,0,0,0
38,Oregon,OR,2002,0,0,0,0,0,0,0,0,1,1,0,0,0,0,0,0,0,0,0,1,0,0,0,0,0
38,Oregon,OR,2003,0,0,0,0,0,0,0,0,1,1,1,0,0,0,0,0,0,0,0,1,0,0,0,0,0
38,Oregon,OR,2004,0,0,0,0,0,0,0,0,1,1,1,0,0,0,0,0,0,0,0,1,0,0,0,0,0
38,Oregon,OR,2005,0,0,0,0,0,0,0,0,1,1,1,0,0,0,0,0,0,0,0,1,0,0,0,0,0
38,Oregon,OR,2006,0,0,0,0,0,0,0,0,1,1,1,0,0,0,0,0,0,0,0,1,0,0,0,0,0
38,Oregon,OR,2007,0,0,0,0,0,0,0,0,1,1,1,0,0,0,0,0,0,0,0,1,0,0,0,0,0
38,Oregon,OR,2008,0,0,0,0,0,0,0,0,1,1,1,0,0,0,0,0,0,0,0,1,0,0,0,0,0
38,Oregon,OR,2009,0,0,0,0,0,0,0,0,1,1,1,0,0,1,0,0,0,0,0,1,0,0,0,0,0
38,Oregon,OR,2010,0,0,0,1,0,0,0,0,1,1,1,0,0,1,0,0,0,0,0,1,0,0,0,0,0
38,Oregon,OR,2011,0,0,0,1,0,0,0,0,1,1,1,0,0,1,0,0,0,0,0,1,0,0,0,0,0
38,Oregon,OR,2012,0,0,0,1,0,0,0,0,1,1,1,0,0,1,0,0,0,0,0,1,0,0,0,0,0
38,Oregon,OR,2013,0,0,0,1,0,0,0,0,1,1,1,0,0,1,0,0,0,0,0,1,1,0,0,0,1
38,Oregon,OR,2014,0,0,0,1,1,0,0,0,1,1,1,0,0,1,0,0,0,1,1,1,1,0,0,0,0
38,Oregon,OR,2015,0,0,0,0,1,0,0,0,1,1,1,0,0,1,0,0,0,1,1,1,1,1,0,0,0
38,Oregon,OR,2016,0,0,0,0,1,0,0,0,1,1,1,0,0,1,0,0,0,1,1,1,1,1,0,0,0
38,Oregon,OR,2017,0,0,0,1,1,0,0,0,1,1,1,0,0,1,0,0,0,1,1,1,1,1,0,0,0
38,Oregon,OR,2018,0,0,0,1,1,0,0,0,1,1,1,0,0,1,1,0,0,1,1,1,1,1,0,0,0
38,Oregon,OR,2019,0,0,0,1,1,0,0,0,1,1,1,0,0,1,1,0,0,1,1,1,1,1,0,0,0
39,Pennsylvania,PA,2000,0,0,0,0,0,0,0,0,1,1,0,0,0,1,0,1,0,1,0,1,0,0,0,0,0
39,Pennsylvania,PA,2001,0,0,0,0,0,0,0,0,1,1,0,0,0,1,0,1,0,1,0,1,0,0,0,0,0
39,Pennsylvania,PA,2002,0,0,0,0,0,0,0,0,1,1,0,0,0,1,0,1,0,1,0,1,0,0,0,0,0
39,Pennsylvania,PA,2003,0,0,0,0,0,0,0,0,1,1,1,0,0,1,0,1,0,1,0,1,0,0,0,0,0
39,Pennsylvania,PA,2004,0,0,0,0,0,0,0,0,1,1,1,0,0,1,0,1,0,1,0,1,0,0,0,0,0
39,Pennsylvania,PA,2005,0,0,0,0,0,0,0,0,1,1,1,0,0,1,0,1,0,1,0,1,0,0,0,0,0
39,Pennsylvania,PA,2006,0,0,0,0,0,0,0,0,1,1,1,0,0,1,0,1,0,1,0,1,0,0,0,0,0
39,Pennsylvania,PA,2007,0,0,0,0,0,0,0,0,1,1,1,0,0,1,0,1,0,1,0,1,0,0,0,0,0
39,Pennsylvania,PA,2008,0,0,0,1,0,0,0,0,1,1,1,0,0,1,0,0,0,1,0,1,0,0,0,0,0
39,Pennsylvania,PA,2009,0,0,0,1,0,0,0,0,1,1,1,0,0,1,0,0,0,1,0,1,0,0,0,0,0
39,Pennsylvania,PA,2010,0,0,0,1,0,0,0,0,1,1,1,0,0,1,0,0,0,1,0,1,0,0,0,0,0
39,Pennsylvania,PA,2011,0,0,0,1,0,0,0,0,1,1,1,0,0,1,0,0,0,1,0,1,0,0,0,0,0
39,Pennsylvania,PA,2012,0,0,0,1,0,.5,0,0,1,1,1,0,0,1,0,0,0,1,0,1,0,0,0,0,0
39,Pennsylvania,PA,2013,0,0,0,1,0,.5,0,0,1,1,1,0,0,1,0,0,0,1,0,1,0,0,0,0,0
39,Pennsylvania,PA,2014,0,0,0,1,.5,.5,0,0,1,1,1,0,0,1,0,1,0,1,0,1,0,0,0,0,0
39,Pennsylvania,PA,2015,0,0,0,0,.5,.5,0,0,1,1,1,0,0,1,0,1,0,1,0,1,0,0,0,0,0
39,Pennsylvania,PA,2016,0,0,0,0,.5,.5,0,0,1,1,1,0,0,1,0,1,0,1,0,1,0,0,0,0,0
39,Pennsylvania,PA,2017,0,0,0,1,.5,.5,0,0,1,1,1,0,0,1,0,1,0,1,0,1,0,0,0,0,0
39,Pennsylvania,PA,2018,0,0,0,1,1,.5,0,0,1,1,1,0,0,1,0,1,0,1,0,1,0,0,0,0,0
39,Pennsylvania,PA,2019,0,0,0,1,1,.5,0,0,1,1,1,0,0,1,0,1,0,1,0,1,0,0,0,0,0
40,Rhode Island,RI,2000,0,0,0,0,0,0,0,0,0,1,1,0,0,1,0,0,0,1,1,1,0,0,0,0,0
40,Rhode Island,RI,2001,0,0,0,0,0,0,0,0,0,1,1,0,0,1,0,0,0,1,1,1,0,0,0,0,0
40,Rhode Island,RI,2002,0,0,0,0,0,0,0,0,1,1,1,0,0,1,1,0,0,1,1,1,0,0,0,0,0
40,Rhode Island,RI,2003,0,0,0,0,0,0,0,0,1,1,1,0,0,1,1,0,0,1,1,1,0,0,0,0,0
40,Rhode Island,RI,2004,0,0,0,0,0,0,0,0,1,1,1,0,0,1,1,0,0,1,1,1,0,0,0,0,0
40,Rhode Island,RI,2005,0,0,0,0,0,0,0,0,1,1,1,0,0,1,1,0,0,1,1,1,0,0,0,0,0
40,Rhode Island,RI,2006,0,0,0,0,0,0,0,0,1,1,1,0,0,1,1,0,0,1,1,1,0,0,0,0,0
40,Rhode Island,RI,2007,0,0,0,0,0,0,0,0,1,1,1,0,0,0,0,0,0,1,1,1,0,0,0,0,0
40,Rhode Island,RI,2008,0,0,0,0,0,.5,0,0,1,1,1,0,0,0,0,0,0,1,1,1,0,0,0,0,0
40,Rhode Island,RI,2009,.5,0,0,0,0,.5,0,0,1,1,1,0,0,1,0,0,0,1,1,1,0,0,0,0,0
40,Rhode Island,RI,2010,.5,0,0,0,0,.5,0,0,1,1,1,0,0,1,0,0,0,1,1,1,0,0,0,0,0
40,Rhode Island,RI,2011,0,0,0,1,0,0,0,0,1,1,1,0,0,1,0,0,0,1,1,1,1,0,0,0,0
40,Rhode Island,RI,2012,0,0,0,1,0,0,0,0,1,1,1,0,0,1,0,0,0,1,1,1,1,0,0,0,0
40,Rhode Island,RI,2013,0,0,0,1,0,0,0,0,1,0,1,0,0,1,0,0,0,1,1,1,1,0,0,0,0
40,Rhode Island,RI,2014,0,0,0,1,1,0,0,0,1,0,1,0,0,1,0,0,0,1,1,1,1,0,0,0,0
40,Rhode Island,RI,2015,0,0,0,0,1,0,0,0,1,0,1,0,0,1,0,0,0,1,1,1,1,0,0,0,0
40,Rhode Island,RI,2016,0,0,0,0,1,0,0,0,1,0,1,0,0,1,0,0,0,1,1,1,1,0,0,0,0
40,Rhode Island,RI,2017,0,0,0,1,1,0,0,0,1,0,1,0,0,1,0,0,0,1,1,1,1,0,0,0,0
40,Rhode Island,RI,2018,0,0,0,1,1,0,0,0,1,0,1,0,0,1,0,0,0,1,1,1,1,0,0,0,0
40,Rhode Island,RI,2019,0,0,0,1,1,0,0,0,1,0,1,0,0,1,0,0,0,1,1,1,1,0,0,0,0
41,South Carolina,SC,2000,0,0,0,0,0,0,0,0,1,0,0,0,0,0,0,0,0,0,0,1,0,0,0,1,0
41,South Carolina,SC,2001,0,0,0,0,0,0,0,0,1,0,0,0,0,0,0,0,0,0,0,1,0,0,0,1,0
41,South Carolina,SC,2002,0,0,0,0,0,0,0,0,1,0,0,0,0,0,0,0,0,0,0,1,0,0,0,1,0
41,South Carolina,SC,2003,0,0,0,0,0,0,0,0,1,0,1,0,0,0,0,0,0,0,0,1,0,0,0,1,0
41,South Carolina,SC,2004,0,0,0,0,0,0,0,0,1,0,1,0,0,0,0,0,0,0,0,1,0,0,0,1,0
41,South Carolina,SC,2005,0,0,0,0,0,0,0,0,1,0,1,0,0,0,0,0,0,0,0,1,0,0,0,1,0
41,South Carolina,SC,2006,0,0,0,0,0,0,0,0,1,0,1,0,0,0,0,0,0,0,0,1,0,0,0,1,0
41,South Carolina,SC,2007,0,0,0,0,0,0,0,0,1,0,1,0,0,0,0,0,0,0,0,1,0,0,0,1,0
41,South Carolina,SC,2008,0,0,0,0,0,.5,0,0,1,0,1,0,0,0,0,0,0,0,0,1,0,0,1,1,0
41,South Carolina,SC,2009,0,0,.5,0,0,.5,0,0,1,0,1,0,0,0,0,0,0,0,0,1,0,0,1,1,0
41,South Carolina,SC,2010,0,0,.5,1,0,.5,0,0,1,0,1,0,0,0,0,0,0,0,0,1,0,0,1,1,0
41,South Carolina,SC,2011,0,0,.5,1,0,1,0,1,1,0,1,0,0,0,0,0,0,0,0,1,0,0,1,1,0
41,South Carolina,SC,2012,0,0,.5,1,0,1,0,1,1,0,1,0,0,0,0,0,0,0,0,1,0,0,1,1,0
41,South Carolina,SC,2013,0,0,.5,1,0,1,0,1,1,0,1,0,0,0,0,0,0,0,0,1,0,0,1,1,0
41,South Carolina,SC,2014,0,0,.5,1,0,1,0,1,0,0,1,0,0,0,0,0,0,0,0,1,0,0,1,1,0
41,South Carolina,SC,2015,0,0,.5,0,0,1,0,1,0,0,1,0,0,0,0,0,0,0,0,1,0,0,1,1,0
41,South Carolina,SC,2016,0,0,.5,0,0,1,0,1,0,0,1,0,0,0,0,0,0,0,0,1,0,0,1,1,0
41,South Carolina,SC,2017,0,0,.5,1,0,1,0,0,0,0,1,0,0,0,0,0,0,0,0,0,0,0,1,1,0
41,South Carolina,SC,2018,0,0,.5,1,0,1,0,0,0,0,1,0,0,1,0,0,0,1,0,0,0,0,1,1,0
41,South Carolina,SC,2019,0,0,.5,1,0,1,0,0,0,0,1,0,0,1,0,0,0,1,0,0,0,0,1,1,0
42,South Dakota,SD,2000,0,0,0,0,0,0,0,0,1,0,0,0,0,0,0,0,0,0,0,1,0,0,0,1,0
42,South Dakota,SD,2001,0,0,0,0,0,0,0,0,1,0,0,0,0,0,0,0,0,0,0,1,0,0,0,1,0
42,South Dakota,SD,2002,0,0,0,0,0,0,0,0,1,0,0,0,0,0,0,0,0,0,0,1,0,0,0,1,0
42,South Dakota,SD,2003,0,0,0,0,0,0,0,0,1,0,1,0,0,0,0,0,0,0,0,1,0,0,0,1,0
42,South Dakota,SD,2004,0,0,0,0,0,0,0,0,1,0,1,0,0,0,0,0,0,0,0,1,0,0,0,1,0
42,South Dakota,SD,2005,0,0,0,0,0,0,0,0,1,0,1,0,0,0,0,0,0,0,0,1,0,0,0,1,0
42,South Dakota,SD,2006,0,0,0,0,0,0,0,0,1,0,1,0,0,0,0,0,0,0,0,1,0,0,0,1,0
42,South Dakota,SD,2007,0,0,0,0,0,0,0,0,1,0,1,0,0,0,0,0,0,0,0,1,0,0,0,1,0
42,South Dakota,SD,2008,0,0,0,0,0,0,0,0,1,0,1,0,0,0,0,0,0,0,0,1,0,0,0,1,0
42,South Dakota,SD,2009,0,0,0,0,0,0,0,0,1,0,1,0,0,0,0,0,0,0,0,1,0,0,0,1,0
42,South Dakota,SD,2010,0,0,0,1,0,0,0,0,1,0,1,0,0,0,0,0,0,0,0,1,0,0,0,1,0
42,South Dakota,SD,2011,0,0,0,1,0,0,0,0,1,0,1,0,0,0,0,0,0,0,0,1,0,0,0,1,0
42,South Dakota,SD,2012,0,0,0,1,0,0,0,0,1,0,1,0,0,0,0,0,0,0,0,1,0,0,0,1,0
42,South Dakota,SD,2013,0,0,0,1,0,0,0,0,1,0,1,0,0,0,0,0,0,0,0,1,0,0,0,1,0
42,South Dakota,SD,2014,0,0,0,1,0,0,0,0,1,0,1,0,0,0,0,0,0,0,0,1,0,0,0,1,0
42,South Dakota,SD,2015,0,0,0,0,0,0,0,0,1,0,1,0,0,0,0,0,0,0,0,1,0,0,0,1,0
42,South Dakota,SD,2016,0,0,0,0,0,0,0,0,1,0,1,0,0,0,0,0,0,0,0,1,0,0,0,1,0
42,South Dakota,SD,2017,0,0,0,1,0,0,0,0,1,0,1,0,0,0,0,0,0,0,0,1,0,0,0,1,0
42,South Dakota,SD,2018,0,0,0,1,0,0,0,0,1,0,1,0,0,0,0,0,0,0,0,1,0,0,0,1,0
42,South Dakota,SD,2019,0,0,0,1,.5,0,0,0,1,0,1,0,0,0,0,0,0,0,0,1,0,0,0,1,0
43,Tennessee,TN,2000,0,0,0,0,0,0,0,0,1,1,0,0,0,0,0,0,0,0,0,1,0,0,0,1,0
43,Tennessee,TN,2001,0,0,0,0,0,0,0,0,1,1,0,0,0,0,0,0,0,0,0,1,0,0,0,1,0
43,Tennessee,TN,2002,0,0,0,0,0,0,0,0,1,1,0,0,0,0,0,0,0,0,0,1,0,0,0,1,0
43,Tennessee,TN,2003,0,0,0,0,0,0,0,0,1,1,1,0,0,0,0,0,0,0,0,1,0,0,0,1,0
43,Tennessee,TN,2004,0,0,0,0,0,0,0,0,1,1,1,0,0,0,0,0,0,0,0,1,0,0,0,1,0
43,Tennessee,TN,2005,0,0,0,0,0,0,0,0,1,1,1,0,0,0,0,0,0,0,0,1,0,0,0,1,0
43,Tennessee,TN,2006,0,0,0,0,0,0,0,0,1,0,1,0,0,0,0,0,0,0,0,1,0,0,0,1,0
43,Tennessee,TN,2007,0,0,0,0,0,0,0,0,1,0,1,0,0,0,0,0,0,0,0,1,0,0,0,1,0
43,Tennessee,TN,2008,1,0,0,0,0,0,0,0,1,0,1,0,0,0,0,0,0,0,1,1,0,0,0,1,0
43,Tennessee,TN,2009,1,0,.5,0,0,0,0,0,1,0,1,0,0,0,0,0,0,1,1,1,0,0,0,1,0
43,Tennessee,TN,2010,1,0,.5,1,0,0,0,0,1,0,1,0,0,0,0,0,0,1,1,1,0,0,0,1,0
43,Tennessee,TN,2011,1,0,.5,1,0,1,0,0,1,0,1,0,0,0,0,0,0,1,1,1,0,0,0,1,0
43,Tennessee,TN,2012,1,0,0,1,0,1,0,0,1,0,1,0,0,0,0,0,0,1,1,1,0,0,0,1,0
43,Tennessee,TN,2013,0,0,0,1,0,1,0,0,1,0,1,0,0,0,0,0,0,1,1,1,0,0,0,1,0
43,Tennessee,TN,2014,0,0,0,1,0,1,0,0,1,0,1,0,0,0,0,0,0,1,1,1,0,0,0,1,0
43,Tennessee,TN,2015,0,0,0,0,0,1,0,0,1,0,1,0,0,0,0,0,0,1,1,1,0,0,0,1,0
43,Tennessee,TN,2016,0,0,0,0,0,1,0,0,1,0,1,0,0,0,0,0,0,1,1,1,0,0,0,1,0
43,Tennessee,TN,2017,0,0,.5,1,0,1,0,0,1,0,1,0,0,0,0,0,0,1,1,1,0,0,0,1,0
43,Tennessee,TN,2018,0,0,.5,1,0,1,0,0,1,0,1,0,0,0,0,0,0,1,1,1,0,0,0,1,0
43,Tennessee,TN,2019,0,0,0,1,0,1,0,0,1,0,1,0,0,0,0,0,0,1,1,1,0,0,0,1,0
44,Texas,TX,2000,0,0,0,0,0,0,0,0,0,0,0,0,0,1,0,0,0,0,0,0,0,0,0,0,0
44,Texas,TX,2001,0,0,0,0,0,0,0,0,0,0,0,0,0,1,0,0,0,0,0,0,1,1,0,0,0
44,Texas,TX,2002,0,0,0,0,0,0,0,0,0,0,0,0,0,1,0,0,0,0,0,0,1,1,0,0,0
44,Texas,TX,2003,0,0,0,0,0,0,0,0,0,0,1,0,0,1,0,0,0,0,0,0,1,1,0,0,0
44,Texas,TX,2004,0,0,0,0,0,0,0,0,0,0,1,0,0,1,0,0,0,0,0,0,1,1,0,0,0
44,Texas,TX,2005,0,0,0,0,0,0,0,0,0,0,1,0,0,1,0,0,0,0,0,0,1,1,0,0,0
44,Texas,TX,2006,0,0,0,0,0,0,0,0,0,0,1,0,0,1,0,0,0,0,0,0,1,1,0,0,0
44,Texas,TX,2007,0,0,0,0,0,0,0,0,0,0,1,0,0,1,0,0,0,1,1,0,1,1,0,0,0
44,Texas,TX,2008,0,0,.5,1,0,0,0,0,0,0,1,0,0,1,0,0,0,1,1,0,1,1,0,0,0
44,Texas,TX,2009,0,0,.5,1,0,0,0,0,0,0,1,0,0,1,0,0,0,1,1,0,1,1,0,0,0
44,Texas,TX,2010,0,0,.5,1,0,0,0,0,0,0,1,0,0,1,0,0,0,1,1,0,1,1,0,0,0
44,Texas,TX,2011,0,0,.5,1,0,0,0,0,0,0,1,0,0,1,0,0,0,1,1,0,1,1,0,0,0
44,Texas,TX,2012,0,0,.5,1,0,0,0,0,0,0,1,0,0,1,0,0,0,1,1,0,1,1,0,0,0
44,Texas,TX,2013,0,0,.5,1,0,0,0,0,0,0,1,0,0,1,0,0,0,1,1,0,1,1,0,0,0
44,Texas,TX,2014,0,0,.5,1,0,.5,0,0,0,0,1,0,0,1,0,0,0,1,1,0,1,1,0,0,0
44,Texas,TX,2015,0,0,.5,0,0,.5,0,0,0,0,1,0,0,1,0,0,0,1,1,0,1,1,0,0,0
44,Texas,TX,2016,0,0,.5,0,0,.5,0,0,0,0,1,0,0,1,0,0,0,1,1,0,1,1,0,0,0
44,Texas,TX,2017,0,0,.5,1,.5,.5,0,0,0,0,1,0,0,1,0,0,0,1,1,0,1,1,0,0,0
44,Texas,TX,2018,0,0,.5,1,.5,.5,0,0,0,0,1,0,0,1,0,0,0,1,1,0,1,1,0,0,0
44,Texas,TX,2019,0,0,.5,1,.5,.5,0,0,0,0,1,0,0,1,0,0,0,1,1,0,1,1,0,0,0
45,Utah,UT,2000,0,0,0,0,0,0,0,0,1,1,0,0,0,0,0,0,0,0,0,1,0,0,0,1,0
45,Utah,UT,2001,0,0,0,0,0,0,0,0,1,1,0,0,0,0,0,0,0,0,0,1,0,0,0,1,0
45,Utah,UT,2002,0,0,0,0,0,0,0,0,1,1,0,0,0,0,0,0,0,0,0,1,1,0,0,1,0
45,Utah,UT,2003,0,0,0,0,0,0,0,0,1,1,1,0,0,0,0,0,0,0,0,1,1,0,0,1,0
45,Utah,UT,2004,0,0,0,0,0,0,0,0,1,1,1,0,0,0,0,0,0,0,0,1,1,0,0,1,0
45,Utah,UT,2005,0,0,0,0,0,0,0,0,1,1,1,0,0,0,0,0,0,0,0,1,1,0,0,1,1
45,Utah,UT,2006,0,0,0,0,0,0,0,0,1,1,1,0,0,0,0,0,0,0,0,1,1,0,0,1,1
45,Utah,UT,2007,0,0,0,0,0,0,0,0,1,1,1,0,0,0,0,0,0,0,0,1,1,0,0,1,1
45,Utah,UT,2008,0,0,0,0,0,.5,0,0,1,1,1,0,0,0,0,0,0,0,0,1,1,0,0,1,1
45,Utah,UT,2009,0,0,0,0,0,.5,0,0,1,1,1,0,0,0,0,0,0,0,0,1,1,0,0,1,1
45,Utah,UT,2010,0,0,0,1,0,1,0,0,1,1,1,0,0,0,0,0,0,0,0,1,1,0,0,1,1
45,Utah,UT,2011,0,0,0,1,0,1,0,1,1,1,1,0,0,0,0,0,0,0,0,1,1,0,0,1,1
45,Utah,UT,2012,0,0,0,1,0,1,0,1,1,1,1,0,0,0,0,0,0,0,0,1,1,0,0,1,1
45,Utah,UT,2013,0,0,0,1,0,1,0,1,1,1,1,0,0,0,0,0,0,0,0,1,1,0,0,1,1
45,Utah,UT,2014,0,0,0,1,0,1,0,1,1,1,1,0,0,0,0,0,0,0,0,1,1,0,0,1,1
45,Utah,UT,2015,0,0,0,0,0,1,0,1,1,1,1,0,0,0,0,0,0,0,0,1,1,0,0,1,1
45,Utah,UT,2016,0,0,0,0,0,1,0,1,1,1,1,0,0,1,0,0,0,0,0,1,1,0,0,1,1
45,Utah,UT,2017,0,0,0,1,0,1,0,0,1,1,1,0,0,1,0,0,0,0,0,1,1,0,0,1,1
45,Utah,UT,2018,0,0,0,1,0,1,0,0,1,1,1,0,0,1,0,0,0,0,0,1,1,0,0,1,1
45,Utah,UT,2019,0,0,0,1,0,1,0,0,1,1,1,0,0,1,0,0,0,0,0,1,1,0,0,1,1
46,Vermont,VT,2000,0,0,0,0,0,0,0,0,1,1,0,0,0,0,0,0,0,0,0,1,0,0,0,0,0
46,Vermont,VT,2001,0,0,0,0,0,0,0,0,1,1,0,0,0,0,0,0,0,0,0,1,0,0,0,0,0
46,Vermont,VT,2002,0,0,0,0,0,0,0,0,1,1,0,0,0,0,0,0,0,0,0,1,0,0,0,0,0
46,Vermont,VT,2003,0,0,0,0,0,0,0,0,1,1,1,0,0,0,0,0,0,0,0,1,0,0,0,0,0
46,Vermont,VT,2004,0,0,0,0,0,0,0,0,1,1,1,0,0,0,0,0,0,0,0,1,0,0,0,0,0
46,Vermont,VT,2005,0,0,0,0,0,0,0,0,1,1,1,0,0,0,0,0,0,0,0,1,0,0,0,0,0
46,Vermont,VT,2006,0,0,0,0,0,0,0,0,1,1,1,0,0,0,0,0,0,0,0,1,0,0,0,0,0
46,Vermont,VT,2007,0,0,0,0,0,0,0,0,1,1,1,0,0,0,0,0,0,0,0,1,0,0,0,0,0
46,Vermont,VT,2008,0,0,0,0,0,0,0,0,1,0,1,0,0,0,0,0,0,0,0,1,0,0,0,0,0
46,Vermont,VT,2009,0,0,0,0,0,0,0,0,1,0,1,0,0,0,0,0,0,0,0,1,0,0,0,0,0
46,Vermont,VT,2010,0,0,0,0,0,0,0,0,1,1,1,0,0,0,0,0,0,0,0,1,0,0,0,0,0
46,Vermont,VT,2011,0,0,0,0,0,0,0,0,1,1,1,0,0,1,0,0,0,1,0,1,0,0,0,0,0
46,Vermont,VT,2012,0,0,0,1,0,0,0,0,1,1,1,0,0,1,0,0,0,1,0,1,0,0,0,0,0
46,Vermont,VT,2013,0,0,0,1,0,0,0,0,1,1,1,0,0,1,0,0,0,1,0,1,0,0,0,0,1
46,Vermont,VT,2014,0,0,0,1,0,0,0,0,1,0,1,0,0,1,0,0,0,1,0,1,0,0,0,0,1
46,Vermont,VT,2015,0,0,0,0,0,0,0,0,1,0,1,0,0,1,0,0,0,1,0,1,0,0,0,0,1
46,Vermont,VT,2016,0,0,0,0,0,0,0,0,1,0,1,0,0,1,0,0,0,1,0,1,0,0,0,0,1
46,Vermont,VT,2017,0,0,0,1,1,0,0,0,1,0,1,0,0,1,0,0,0,1,0,1,0,0,0,0,1
46,Vermont,VT,2018,0,0,0,1,1,0,0,0,1,0,1,0,0,1,0,0,0,1,0,1,0,0,0,0,1
46,Vermont,VT,2019,0,0,0,1,1,0,0,0,1,0,1,0,0,1,0,0,0,1,0,1,0,0,0,0,1
47,Virginia,VA,2000,0,0,0,0,0,0,0,0,1,0,0,0,0,1,0,0,0,0,0,0,0,0,0,1,0
47,Virginia,VA,2001,0,0,0,0,0,0,0,0,1,0,0,0,0,1,0,0,0,0,0,0,0,0,0,1,0
47,Virginia,VA,2002,0,0,0,0,0,0,0,0,1,0,0,0,0,1,0,0,0,0,0,0,0,0,0,1,0
47,Virginia,VA,2003,0,0,0,0,0,0,0,0,1,0,1,0,0,1,0,0,0,0,0,0,0,0,0,1,0
47,Virginia,VA,2004,0,0,0,0,0,0,0,0,1,0,1,0,0,1,0,0,0,0,0,0,0,0,0,1,0
47,Virginia,VA,2005,0,0,0,0,0,0,0,0,1,0,1,0,0,1,0,0,0,0,0,0,0,0,0,1,0
47,Virginia,VA,2006,0,0,0,0,0,0,0,0,1,0,1,0,0,1,0,0,0,0,0,0,0,0,0,1,0
47,Virginia,VA,2007,0,0,.5,0,0,0,0,0,1,0,1,0,0,1,0,0,0,0,0,0,0,0,0,1,0
47,Virginia,VA,2008,.5,0,.5,0,0,0,0,0,1,0,1,0,0,1,0,0,0,0,0,0,0,0,0,1,0
47,Virginia,VA,2009,.5,0,.5,1,0,0,0,0,1,0,1,0,0,1,0,0,0,0,0,0,0,0,0,1,0
47,Virginia,VA,2010,.5,0,.5,1,0,.5,0,0,1,0,1,0,0,1,0,0,0,0,0,0,0,0,0,1,0
47,Virginia,VA,2011,.5,0,.5,1,0,.5,0,0,1,0,1,0,0,1,0,0,0,0,0,0,0,0,0,1,0
47,Virginia,VA,2012,.5,0,.5,1,0,.5,0,0,1,0,1,0,0,1,0,0,0,1,0,0,0,0,0,1,0
47,Virginia,VA,2013,0,0,.5,1,0,.5,0,0,1,0,1,0,0,1,0,0,0,1,0,0,0,0,0,1,0
47,Virginia,VA,2014,0,0,.5,1,0,.5,0,0,1,0,1,0,0,1,0,0,0,1,0,0,1,0,0,1,0
47,Virginia,VA,2015,0,0,.5,0,0,.5,0,0,1,0,1,0,0,1,0,0,0,1,0,0,1,0,0,1,0
47,Virginia,VA,2016,0,0,.5,0,0,.5,0,0,1,0,1,0,0,1,0,0,0,1,0,0,1,0,0,1,0
47,Virginia,VA,2017,0,0,.5,1,.5,.5,0,0,1,0,1,0,0,1,0,0,0,1,0,0,0,0,0,1,0
47,Virginia,VA,2018,0,0,.5,1,.5,.5,0,0,1,0,1,0,0,1,0,0,0,1,0,0,0,0,0,1,0
47,Virginia,VA,2019,0,0,.5,1,.5,.5,0,0,1,0,1,0,0,1,0,0,0,1,0,0,0,0,0,1,0
48,Washington,WA,2000,0,0,0,0,0,0,0,0,1,1,1,1,0,1,1,1,0,1,1,1,0,0,0,0,1
48,Washington,WA,2001,0,0,0,0,0,0,0,0,1,1,1,1,0,1,1,1,0,1,1,1,0,0,0,0,1
48,Washington,WA,2002,0,0,0,0,0,0,0,0,1,1,1,1,0,1,1,1,0,1,1,1,0,0,0,0,1
48,Washington,WA,2003,0,0,0,0,0,0,0,0,1,1,1,1,0,1,1,1,0,1,1,1,1,0,0,0,1
48,Washington,WA,2004,0,0,0,0,0,0,0,0,1,1,1,1,0,1,1,1,0,1,1,1,1,0,0,0,1
48,Washington,WA,2005,0,0,0,0,0,0,0,0,1,1,1,1,0,1,1,1,0,1,1,1,1,0,0,0,1
48,Washington,WA,2006,0,0,0,0,0,0,0,0,1,1,1,1,0,1,1,1,0,1,1,1,1,0,0,0,1
48,Washington,WA,2007,0,0,0,0,0,0,0,0,1,1,1,1,0,1,1,1,0,1,1,1,1,0,0,0,1
48,Washington,WA,2008,0,0,0,0,0,0,0,0,1,1,1,1,0,1,1,0,0,1,1,1,1,0,0,0,1
48,Washington,WA,2009,0,0,0,0,0,0,0,0,1,1,1,1,0,1,1,0,0,1,1,1,1,0,0,0,1
48,Washington,WA,2010,0,0,0,0,0,0,0,0,1,1,1,1,0,1,1,0,0,1,1,1,1,0,0,0,1
48,Washington,WA,2011,0,0,0,1,0,0,0,0,1,1,1,1,0,1,1,0,0,1,1,1,1,0,0,0,1
48,Washington,WA,2012,0,0,0,1,0,0,0,0,1,1,1,1,0,1,1,0,0,1,1,1,1,0,0,0,1
48,Washington,WA,2013,0,0,0,1,1,0,0,0,1,1,1,1,0,1,1,0,0,1,1,1,1,0,0,0,1
48,Washington,WA,2014,0,0,0,1,1,0,0,0,1,1,1,1,0,1,1,0,0,1,1,1,1,1,0,0,1
48,Washington,WA,2015,0,0,0,0,1,0,0,0,1,1,1,1,0,1,1,0,0,1,1,1,1,1,0,0,1
48,Washington,WA,2016,0,0,0,0,1,0,0,0,1,1,1,1,0,1,1,0,0,1,1,1,1,1,0,0,1
48,Washington,WA,2017,0,0,0,1,1,0,0,0,1,1,1,1,0,1,1,0,0,1,1,1,1,1,0,0,1
48,Washington,WA,2018,0,0,0,1,1,0,0,0,1,1,1,1,0,1,1,0,0,1,1,1,1,1,0,0,1
48,Washington,WA,2019,0,0,0,1,1,0,0,0,1,1,1,1,0,1,1,0,0,1,1,1,1,1,0,0,1
49,West Virginia,WV,2000,0,0,0,0,0,0,0,0,1,0,0,0,0,0,0,0,0,0,0,1,0,0,0,0,0
49,West Virginia,WV,2001,0,0,0,0,0,0,0,0,1,0,0,0,0,0,0,0,0,0,0,1,0,0,0,0,0
49,West Virginia,WV,2002,0,0,0,0,0,0,0,0,1,0,0,0,0,0,0,0,0,0,0,1,0,0,0,0,0
49,West Virginia,WV,2003,0,0,0,0,0,0,0,0,1,0,1,0,0,0,0,0,0,0,0,1,0,0,0,0,0
49,West Virginia,WV,2004,0,0,0,0,0,0,0,0,1,0,1,0,0,0,0,0,0,0,0,1,0,0,0,0,0
49,West Virginia,WV,2005,0,0,0,0,0,0,0,0,1,0,1,0,0,0,0,0,0,0,0,1,0,0,0,0,0
49,West Virginia,WV,2006,0,0,0,0,0,0,0,0,1,0,1,0,0,0,0,0,0,0,0,1,0,0,0,0,0
49,West Virginia,WV,2007,0,0,0,0,0,0,0,0,1,0,1,0,0,0,0,0,0,0,0,1,0,0,0,0,0
49,West Virginia,WV,2008,0,0,0,0,0,0,0,0,1,0,1,0,0,0,0,0,0,0,0,1,0,0,0,0,0
49,West Virginia,WV,2009,0,0,0,0,0,0,0,0,1,0,1,0,0,0,0,0,0,0,0,1,0,0,0,0,0
49,West Virginia,WV,2010,0,0,0,1,0,0,0,0,1,0,1,0,0,0,0,0,0,0,0,1,0,0,0,0,0
49,West Virginia,WV,2011,0,0,0,1,0,0,0,0,1,0,1,0,0,0,0,0,0,0,0,1,0,0,0,0,0
49,West Virginia,WV,2012,0,0,0,1,0,.5,0,0,1,0,1,0,0,0,0,0,0,0,0,1,0,0,0,0,0
49,West Virginia,WV,2013,0,0,0,1,0,.5,0,0,1,0,1,0,0,0,0,0,0,0,0,1,0,0,0,0,0
49,West Virginia,WV,2014,0,0,0,1,0,.5,0,0,1,0,1,0,0,0,0,0,0,0,0,1,0,0,0,0,0
49,West Virginia,WV,2015,0,0,0,0,0,.5,0,0,1,0,1,0,0,1,0,0,0,1,0,1,0,0,0,0,0
49,West Virginia,WV,2016,0,0,0,0,0,.5,0,0,1,0,1,0,0,1,0,0,0,1,0,1,0,0,0,1,0
49,West Virginia,WV,2017,0,0,0,1,0,.5,0,0,1,0,1,0,0,1,0,0,0,1,0,1,0,0,0,1,0
49,West Virginia,WV,2018,0,0,0,1,0,.5,0,0,1,0,1,0,0,1,0,0,0,1,0,1,0,0,0,1,0
49,West Virginia,WV,2019,0,0,0,1,0,.5,0,0,1,0,1,0,0,1,0,0,0,1,0,1,0,0,0,1,0
50,Wisconsin,WI,2000,0,0,0,0,0,0,0,0,1,1,1,1,0,0,0,0,0,0,0,1,0,0,0,0,0
50,Wisconsin,WI,2001,0,0,0,0,0,0,0,0,1,1,1,1,0,0,0,0,0,0,0,1,0,0,0,0,0
50,Wisconsin,WI,2002,0,0,0,0,0,0,0,0,1,1,1,1,0,0,0,0,0,0,0,1,0,0,0,0,0
50,Wisconsin,WI,2003,0,0,0,0,0,0,0,0,1,1,1,1,0,0,0,0,0,0,0,1,0,0,0,0,0
50,Wisconsin,WI,2004,0,0,0,0,0,0,0,0,1,1,1,1,0,0,0,0,0,0,0,1,0,0,0,0,0
50,Wisconsin,WI,2005,0,0,0,0,0,0,0,0,1,1,1,1,0,0,0,0,0,0,0,1,0,0,0,0,0
50,Wisconsin,WI,2006,0,0,0,0,0,0,0,0,1,1,1,1,0,0,0,0,0,1,1,1,0,0,0,0,0
50,Wisconsin,WI,2007,0,0,0,0,0,0,0,0,1,1,1,1,0,0,0,0,0,1,1,1,0,0,0,0,0
50,Wisconsin,WI,2008,0,0,0,0,0,0,0,0,1,1,1,1,0,0,0,0,0,1,1,1,0,0,0,0,0
50,Wisconsin,WI,2009,0,0,0,0,0,0,0,0,1,1,1,1,0,1,0,0,0,1,1,1,1,0,0,0,0
50,Wisconsin,WI,2010,0,0,0,0,0,0,0,0,1,1,1,1,0,1,0,0,0,1,1,1,1,0,0,0,0
50,Wisconsin,WI,2011,0,0,0,1,0,0,0,0,1,1,1,0,0,1,0,0,0,1,1,1,1,0,0,0,0
50,Wisconsin,WI,2012,0,0,0,1,.5,0,0,0,1,1,1,0,0,1,0,0,0,1,1,1,0,0,0,0,0
50,Wisconsin,WI,2013,0,0,0,1,.5,0,0,0,1,1,1,0,0,1,0,0,0,1,1,1,0,0,0,0,0
50,Wisconsin,WI,2014,0,0,0,1,.5,0,0,0,1,1,1,0,0,1,0,0,0,1,1,1,0,0,0,0,0
50,Wisconsin,WI,2015,0,0,0,0,.5,0,0,0,1,1,1,0,0,1,0,0,0,1,1,1,0,0,0,0,0
50,Wisconsin,WI,2016,0,0,0,0,.5,0,0,0,1,1,1,0,0,1,0,0,0,1,1,1,0,0,0,0,0
50,Wisconsin,WI,2017,0,0,0,1,.5,0,0,0,1,1,1,0,0,1,0,0,0,1,1,1,0,0,0,0,0
50,Wisconsin,WI,2018,0,0,.5,1,.5,0,0,0,1,1,1,0,0,1,0,0,0,1,1,1,0,0,0,0,0
50,Wisconsin,WI,2019,0,0,.5,1,.5,0,0,0,1,1,1,0,0,1,0,0,0,1,1,1,0,0,0,0,0
51,Wyoming,WY,2000,0,0,0,0,0,0,0,0,1,1,0,0,0,0,0,0,0,0,0,0,0,0,0,1,0
51,Wyoming,WY,2001,0,0,0,0,0,0,0,0,1,1,0,0,0,0,0,0,0,0,0,0,0,0,0,1,0
51,Wyoming,WY,2002,0,0,0,0,0,0,0,0,1,1,0,0,0,0,0,0,0,0,0,0,0,0,0,1,0
51,Wyoming,WY,2003,0,0,0,0,0,0,0,0,1,1,1,0,0,0,0,0,0,0,0,0,0,0,0,1,0
51,Wyoming,WY,2004,0,0,0,0,0,0,0,0,1,1,1,0,0,0,0,0,0,0,0,0,0,0,0,1,0
51,Wyoming,WY,2005,0,0,0,0,0,0,0,0,1,1,1,0,0,0,0,0,0,0,0,0,0,0,0,1,0
51,Wyoming,WY,2006,0,0,0,0,0,0,0,0,1,1,1,0,0,0,0,0,0,0,0,0,0,0,0,1,0
51,Wyoming,WY,2007,0,0,0,0,0,0,0,0,1,1,1,0,0,0,0,0,0,0,0,0,0,0,0,1,0
51,Wyoming,WY,2008,0,0,0,0,0,0,0,0,1,1,1,0,0,0,0,0,0,0,0,0,0,0,0,1,0
51,Wyoming,WY,2009,0,0,0,0,0,0,0,0,1,1,1,0,0,0,0,0,0,0,0,0,0,0,0,1,0
51,Wyoming,WY,2010,0,0,0,0,0,0,0,0,1,1,1,0,0,0,0,0,0,0,0,0,0,0,0,1,0
51,Wyoming,WY,2011,0,0,0,1,0,0,0,0,1,1,1,0,0,0,0,0,0,0,0,0,0,0,0,1,0
51,Wyoming,WY,2012,0,0,0,1,0,0,0,0,1,1,1,0,0,0,0,0,0,0,0,0,0,0,0,1,0
51,Wyoming,WY,2013,0,0,0,1,0,0,0,0,1,1,1,0,0,0,0,0,0,0,0,0,0,0,0,1,0
51,Wyoming,WY,2014,0,0,0,1,0,0,0,0,1,1,1,0,0,0,0,0,0,1,0,0,0,0,0,1,0
51,Wyoming,WY,2015,0,0,0,0,0,0,0,0,1,1,1,0,0,0,0,0,0,1,0,0,0,0,0,1,0
51,Wyoming,WY,2016,0,0,0,0,0,0,0,0,1,1,1,0,0,0,0,0,0,1,0,0,0,0,0,1,0
51,Wyoming,WY,2017,0,0,0,1,0,0,0,0,1,1,1,0,0,0,0,0,0,1,0,0,0,0,0,1,0
51,Wyoming,WY,2018,0,0,0,1,0,0,0,0,1,1,1,0,0,0,0,0,0,1,0,0,0,0,0,1,0
51,Wyoming,WY,2019,0,0,0,1,1,0,0,0,1,1,1,0,0,0,0,0,0,1,0,0,0,0,0,1,0
